日期,时间段,充电量kWh,放电量kWh,时刻,储电量kWh
2025-02-01,0:00-4:00,30.6644,0.0,0:00,10772.402
,4:00-8:00,0.0,5741.0013,24:00,10800.0
,8:00-12:00,4813.3346,977.6502,,
,12:00-16:00,3481.2968,0.0,,
,16:00-20:00,0.0,5349.7555,,
,20:00-24:00,9683.0985,2493.5542,,
2025-02-02,0:00-4:00,48.1533,39.0042,0:00,10800.0
,4:00-8:00,727.6439,589.3915,24:00,10800.0
,8:00-12:00,5614.5655,6580.8372,,
,12:00-16:00,4035.5417,1235.7497,,
,16:00-20:00,0.0,4493.528,,
,20:00-24:00,9907.6641,3531.6799,,
2025-02-03,0:00-4:00,2.0514,1.6616,0:00,10800.0
,4:00-8:00,719.0261,582.4111,24:00,10800.0
,8:00-12:00,5054.8967,7110.6164,,
,12:00-16:00,5435.3164,1386.4562,,
,16:00-20:00,0.0,4496.2485,,
,20:00-24:00,9994.9181,3599.6351,,
2025-02-04,0:00-4:00,0.0,0.0,0:00,10800.0
,4:00-8:00,717.5788,581.2388,24:00,10800.0
,8:00-12:00,5461.0409,6880.0501,,
,12:00-16:00,5316.0185,1849.368,,
,16:00-20:00,0.0,4349.6683,,
,20:00-24:00,9732.4134,3533.5865,,
2025-02-05,0:00-4:00,1.0486,0.8493,0:00,10800.0
,4:00-8:00,791.6805,641.2612,24:00,10800.0
,8:00-12:00,5016.8013,8043.277,,
,12:00-16:00,6841.7934,1562.1847,,
,16:00-20:00,0.0,4687.8343,,
,20:00-24:00,10171.3534,3550.9619,,
2025-02-06,0:00-4:00,21.8505,17.6989,0:00,10800.0
,4:00-8:00,750.1733,607.6403,24:00,10800.0
,8:00-12:00,5549.6348,6610.0907,,
,12:00-16:00,4640.5158,1643.9313,,
,16:00-20:00,0.0,4314.9977,,
,20:00-24:00,9793.3733,3617.6346,,
2025-02-07,0:00-4:00,0.0,0.0,0:00,10800.0
,4:00-8:00,0.0,5516.5285,24:00,10704.2805
,8:00-12:00,5287.5551,1376.388,,
,12:00-16:00,3222.2184,0.0,,
,16:00-20:00,0.0,5412.862,,
,20:00-24:00,10051.3126,2814.8487,,
2025-02-08,0:00-4:00,175.3855,55.9147,0:00,10704.2805
,4:00-8:00,0.0,6021.6975,24:00,10607.9541
,8:00-12:00,5571.8669,617.2231,,
,12:00-16:00,2624.3314,0.0,,
,16:00-20:00,0.9792,5610.0095,,
,20:00-24:00,10161.9168,2794.7776,,
2025-02-09,0:00-4:00,213.3843,0.0,0:00,10607.9541
,4:00-8:00,815.6656,660.6891,24:00,10709.6522
,8:00-12:00,4735.6152,7585.7625,,
,12:00-16:00,6817.9237,1772.604,,
,16:00-20:00,0.0,4700.7518,,
,20:00-24:00,10037.0308,3510.5561,,
2025-02-10,0:00-4:00,101.4454,0.8577,0:00,10709.6522
,4:00-8:00,770.1875,623.8519,24:00,10678.8326
,8:00-12:00,5182.1731,5697.9939,,
,12:00-16:00,3529.418,1358.3948,,
,16:00-20:00,0.0,4641.5227,,
,20:00-24:00,9976.1316,3548.1945,,
2025-02-11,0:00-4:00,134.6304,0.0,0:00,10678.8326
,4:00-8:00,785.1753,635.992,24:00,10517.1318
,8:00-12:00,5429.6487,6297.3139,,
,12:00-16:00,3732.7389,1124.2201,,
,16:00-20:00,0.0,4791.8925,,
,20:00-24:00,10077.5879,3625.5351,,
2025-02-12,0:00-4:00,314.298,0.0,0:00,10517.1318
,4:00-8:00,768.5046,622.4887,24:00,10681.3998
,8:00-12:00,5654.7201,5779.5843,,
,12:00-16:00,3406.1086,1559.6869,,
,16:00-20:00,2.5137,4635.582,,
,20:00-24:00,10033.7258,3600.5121,,
2025-02-13,0:00-4:00,141.799,8.117,0:00,10681.3998
,4:00-8:00,735.05,595.3905,24:00,10634.9721
,8:00-12:00,5290.8544,4746.2306,,
,12:00-16:00,1523.1687,773.1281,,
,16:00-20:00,0.0,4752.6095,,
,20:00-24:00,10096.6104,3574.17,,
2025-02-14,0:00-4:00,264.085,65.3838,0:00,10634.9721
,4:00-8:00,17.0267,6245.7308,24:00,10699.9523
,8:00-12:00,4695.0203,428.8094,,
,12:00-16:00,3528.1262,0.0,,
,16:00-20:00,5.3808,5493.872,,
,20:00-24:00,10052.1535,2742.7738,,
2025-02-15,0:00-4:00,185.6505,60.6267,0:00,10699.9523
,4:00-8:00,61.2784,6238.3171,24:00,10407.2466
,8:00-12:00,5454.8978,313.695,,
,12:00-16:00,2573.0891,0.0,,
,16:00-20:00,0.0,5470.2728,,
,20:00-24:00,9811.885,2830.8322,,
2025-02-16,0:00-4:00,436.3927,0.0,0:00,10407.2466
,4:00-8:00,879.5489,712.4346,24:00,10655.3373
,8:00-12:00,5171.2902,6522.795,,
,12:00-16:00,3832.5152,770.2874,,
,16:00-20:00,0.0,4735.0672,,
,20:00-24:00,10120.014,3592.3406,,
2025-02-17,0:00-4:00,199.6225,31.4978,0:00,10655.3373
,4:00-8:00,1395.9183,1612.2058,24:00,10642.7878
,8:00-12:00,5144.4977,4814.1284,,
,12:00-16:00,2216.4734,666.7461,,
,16:00-20:00,0.0,4745.027,,
,20:00-24:00,10142.5106,3611.8975,,
2025-02-18,0:00-4:00,205.698,25.1244,0:00,10642.7878
,4:00-8:00,1620.2079,1312.3684,24:00,10800.0
,8:00-12:00,5083.5188,5053.8258,,
,12:00-16:00,2390.0718,999.7826,,
,16:00-20:00,0.0,4508.3424,,
,20:00-24:00,10097.8233,3670.8945,,
2025-02-19,0:00-4:00,151.7968,122.9554,0:00,10800.0
,4:00-8:00,1507.2425,1606.8831,24:00,10510.4071
,8:00-12:00,5141.9118,5978.2155,,
,12:00-16:00,3964.8808,1012.2698,,
,16:00-20:00,0.0,4655.9058,,
,20:00-24:00,9963.988,3675.5581,,
2025-02-20,0:00-4:00,347.7786,21.0671,0:00,10510.4071
,4:00-8:00,1485.3824,2416.4985,24:00,10800.0
,8:00-12:00,4828.5436,5766.4346,,
,12:00-16:00,4205.9617,338.1759,,
,16:00-20:00,9.8627,4483.7215,,
,20:00-24:00,9986.0341,3612.9548,,
2025-02-21,0:00-4:00,51.7137,41.8881,0:00,10800.0
,4:00-8:00,107.0229,7244.4532,24:00,10760.9834
,8:00-12:00,6659.3324,257.8341,,
,12:00-16:00,2495.7276,0.0,,
,16:00-20:00,0.0,5427.9579,,
,20:00-24:00,9941.8227,2660.0335,,
2025-02-22,0:00-4:00,112.6523,77.3369,0:00,10760.9834
,4:00-8:00,190.923,7266.1435,24:00,10724.4791
,8:00-12:00,5979.3891,273.6484,,
,12:00-16:00,3164.2501,0.0,,
,16:00-20:00,0.0,5462.9005,,
,20:00-24:00,10053.461,2748.3718,,
2025-02-23,0:00-4:00,119.879,29.1332,0:00,10724.4791
,4:00-8:00,1654.8679,1340.443,24:00,10688.7627
,8:00-12:00,5250.9559,5632.6085,,
,12:00-16:00,2417.1556,578.5618,,
,16:00-20:00,0.0,4585.8656,,
,20:00-24:00,10041.4352,3647.8105,,
2025-02-24,0:00-4:00,141.1633,14.2286,0:00,10688.7627
,4:00-8:00,1490.2067,2888.0117,24:00,10800.0
,8:00-12:00,5267.3081,4276.9186,,
,12:00-16:00,2775.2632,556.6198,,
,16:00-20:00,0.0,4434.9824,,
,20:00-24:00,10010.4189,3673.4569,,
2025-02-25,0:00-4:00,62.6113,50.7152,0:00,10800.0
,4:00-8:00,1225.621,2392.0849,24:00,10658.7825
,8:00-12:00,5638.2898,3740.1206,,
,12:00-16:00,1174.8078,379.1565,,
,16:00-20:00,0.0,4627.5209,,
,20:00-24:00,9969.711,3575.0408,,
2025-02-26,0:00-4:00,173.9802,13.8282,0:00,10658.7825
,4:00-8:00,1698.5686,1575.9115,24:00,10800.0
,8:00-12:00,5202.3476,4013.8306,,
,12:00-16:00,937.5951,759.4521,,
,16:00-20:00,0.8126,4492.0656,,
,20:00-24:00,10004.2044,3611.9982,,
2025-02-27,0:00-4:00,40.0637,32.4516,0:00,10800.0
,4:00-8:00,1508.0035,2217.0374,24:00,10688.6914
,8:00-12:00,5505.933,5320.0001,,
,12:00-16:00,2985.6762,562.6489,,
,16:00-20:00,0.0,4677.0701,,
,20:00-24:00,10124.4089,3623.8789,,
2025-02-28,0:00-4:00,170.4689,37.902,0:00,10688.6914
,4:00-8:00,220.5934,7433.8942,24:00,10503.3325
,8:00-12:00,8034.3479,109.2663,,
,12:00-16:00,1057.6026,0.0,,
,16:00-20:00,0.0,5514.3788,,
,20:00-24:00,9919.3215,2787.2723,,
2025-03-01,0:00-4:00,390.9783,49.6917,0:00,10503.3325
,4:00-8:00,405.276,6748.9456,24:00,10630.4197
,8:00-12:00,5820.0952,149.641,,
,12:00-16:00,2291.4025,0.0,,
,16:00-20:00,0.0,5485.8606,,
,20:00-24:00,9952.7023,2728.4505,,
2025-03-02,0:00-4:00,188.4226,0.0,0:00,10630.4197
,4:00-8:00,1872.9628,1861.2821,24:00,10224.061
,8:00-12:00,4958.1228,4707.8456,,
,12:00-16:00,3156.0177,2566.5654,,
,16:00-20:00,567.32,4586.8634,,
,20:00-24:00,10054.4485,3488.9749,,
2025-03-03,0:00-4:00,663.1711,18.8235,0:00,10224.061
,4:00-8:00,1298.4306,3392.8519,24:00,10618.6014
,8:00-12:00,4774.3164,5904.0064,,
,12:00-16:00,6645.0344,1431.2286,,
,16:00-20:00,534.0987,4658.1793,,
,20:00-24:00,9953.1044,3573.0298,,
2025-03-04,0:00-4:00,305.7662,84.4119,0:00,10618.6014
,4:00-8:00,1496.3431,3919.6315,24:00,10748.2452
,8:00-12:00,4283.9955,5043.5822,,
,12:00-16:00,6221.2656,758.0857,,
,16:00-20:00,0.0,4583.7879,,
,20:00-24:00,10065.517,3615.8602,,
2025-03-05,0:00-4:00,57.5053,0.0,0:00,10748.2452
,4:00-8:00,1414.218,3345.4427,24:00,10671.8355
,8:00-12:00,5324.9271,3788.2952,,
,12:00-16:00,3221.7838,934.6146,,
,16:00-20:00,0.0,4609.4109,,
,20:00-24:00,10120.076,3703.1987,,
2025-03-06,0:00-4:00,182.8873,32.7907,0:00,10671.8355
,4:00-8:00,1870.4573,2360.2379,24:00,10800.0
,8:00-12:00,5092.6213,3681.6299,,
,12:00-16:00,1590.0366,886.1555,,
,16:00-20:00,0.0,4548.142,,
,20:00-24:00,10058.2444,3599.0359,,
2025-03-07,0:00-4:00,32.7284,26.51,0:00,10800.0
,4:00-8:00,324.3668,6477.6029,24:00,10682.0127
,8:00-12:00,7672.6738,0.0,,
,12:00-16:00,0.0,19.2873,,
,16:00-20:00,56.8988,5479.7304,,
,20:00-24:00,9880.0056,2656.0635,,
2025-03-08,0:00-4:00,217.3647,248.8332,0:00,10682.0127
,4:00-8:00,52.3352,7437.0226,24:00,10696.6964
,8:00-12:00,9115.993,9.5746,,
,12:00-16:00,245.9355,0.0,,
,16:00-20:00,0.0,5465.7251,,
,20:00-24:00,9938.9675,2677.8118,,
2025-03-09,0:00-4:00,145.097,24.5553,0:00,10696.6964
,4:00-8:00,1367.0688,2610.4518,24:00,10740.057
,8:00-12:00,5271.5404,3801.2892,,
,12:00-16:00,1899.5101,504.1357,,
,16:00-20:00,0.0,4645.5093,,
,20:00-24:00,10103.2766,3592.0935,,
2025-03-10,0:00-4:00,168.2884,82.3649,0:00,10740.057
,4:00-8:00,1776.8429,1597.5148,24:00,10800.0
,8:00-12:00,5198.1317,4487.951,,
,12:00-16:00,1048.4519,413.5097,,
,16:00-20:00,0.0,4753.675,,
,20:00-24:00,10228.2233,3531.1858,,
2025-03-11,0:00-4:00,0.0,0.0,0:00,10800.0
,4:00-8:00,1387.4993,2550.2691,24:00,10800.0
,8:00-12:00,5515.3412,3044.9297,,
,12:00-16:00,752.7839,605.8569,,
,16:00-20:00,0.0,4570.9707,,
,20:00-24:00,10025.6951,3549.8423,,
2025-03-12,0:00-4:00,67.2344,81.7871,0:00,10800.0
,4:00-8:00,1520.2349,3624.0328,24:00,10800.0
,8:00-12:00,5882.8894,2948.4221,,
,12:00-16:00,1240.4949,401.5494,,
,16:00-20:00,39.717,4542.0792,,
,20:00-24:00,10099.5923,3670.7613,,
2025-03-13,0:00-4:00,40.1302,32.5055,0:00,10800.0
,4:00-8:00,1314.501,4054.3352,24:00,10492.1637
,8:00-12:00,4561.4471,4302.1013,,
,12:00-16:00,4975.5701,433.2932,,
,16:00-20:00,0.0,4837.0859,,
,20:00-24:00,10110.8401,3629.7472,,
2025-03-14,0:00-4:00,532.5377,854.6135,0:00,10492.1637
,4:00-8:00,111.5869,7005.6573,24:00,10700.0155
,8:00-12:00,9401.9537,0.0,,
,12:00-16:00,0.0,0.0,,
,16:00-20:00,13.441,5584.5993,,
,20:00-24:00,10204.9196,2782.2588,,
2025-03-15,0:00-4:00,312.0275,661.6063,0:00,10700.0155
,4:00-8:00,82.9204,7027.041,24:00,10300.108
,8:00-12:00,7384.7595,0.0,,
,12:00-16:00,1823.5437,0.0,,
,16:00-20:00,0.0,5608.8684,,
,20:00-24:00,9873.312,2838.4172,,
2025-03-16,0:00-4:00,565.6577,8.2799,0:00,10300.108
,4:00-8:00,1025.3204,4220.0677,24:00,10800.0
,8:00-12:00,5474.6253,2856.6065,,
,12:00-16:00,2934.1895,564.9754,,
,16:00-20:00,1.4936,4495.3877,,
,20:00-24:00,9889.3713,3516.2129,,
2025-03-17,0:00-4:00,3.5817,2.9012,0:00,10800.0
,4:00-8:00,1572.3702,3362.5693,24:00,10800.0
,8:00-12:00,5194.5673,2118.6501,,
,12:00-16:00,48.1251,38.9813,,
,16:00-20:00,0.0,4463.4298,,
,20:00-24:00,10074.3403,3696.7858,,
2025-03-18,0:00-4:00,14.9993,12.1494,0:00,10800.0
,4:00-8:00,463.195,4168.4982,24:00,10800.0
,8:00-12:00,5517.9106,3843.1936,,
,12:00-16:00,4244.1683,270.78,,
,16:00-20:00,0.0,4673.3483,,
,20:00-24:00,10131.4281,3533.1085,,
2025-03-19,0:00-4:00,3.8422,3.1122,0:00,10800.0
,4:00-8:00,469.7809,4474.7711,24:00,10800.0
,8:00-12:00,5714.4978,3558.2037,,
,12:00-16:00,4103.1203,299.8184,,
,16:00-20:00,0.0,4469.1914,,
,20:00-24:00,9944.7739,3586.0755,,
2025-03-20,0:00-4:00,119.4939,96.7901,0:00,10800.0
,4:00-8:00,1317.6609,3157.2466,24:00,10800.0
,8:00-12:00,5604.5696,3265.5568,,
,12:00-16:00,1321.6289,254.7228,,
,16:00-20:00,16.6683,4501.1868,,
,20:00-24:00,10054.6548,3656.5848,,
2025-03-21,0:00-4:00,118.89,1153.8084,0:00,10800.0
,4:00-8:00,95.7711,6631.2404,24:00,10402.8468
,8:00-12:00,9396.5102,0.0,,
,12:00-16:00,0.0,0.0,,
,16:00-20:00,0.0,5503.1017,,
,20:00-24:00,9843.2797,2827.3928,,
2025-03-22,0:00-4:00,613.7864,995.0063,0:00,10402.8468
,4:00-8:00,109.1385,6518.9719,24:00,10800.0
,8:00-12:00,8994.8726,0.0,,
,12:00-16:00,0.0,0.0,,
,16:00-20:00,0.0,5353.0699,,
,20:00-24:00,9847.593,2623.4805,,
2025-03-23,0:00-4:00,26.6402,21.5786,0:00,10800.0
,4:00-8:00,814.5066,4120.7446,24:00,10475.8318
,8:00-12:00,5294.0981,3085.5639,,
,12:00-16:00,2792.8732,3.8886,,
,16:00-20:00,0.0,4874.5151,,
,20:00-24:00,10100.5088,3598.6485,,
2025-03-24,0:00-4:00,360.1869,0.0,0:00,10475.8318
,4:00-8:00,247.0004,5505.6898,24:00,10800.0
,8:00-12:00,6251.9457,2962.4303,,
,12:00-16:00,4434.035,387.5945,,
,16:00-20:00,0.0,4465.5049,,
,20:00-24:00,9899.6572,3553.2175,,
2025-03-25,0:00-4:00,72.0719,80.1588,0:00,10800.0
,4:00-8:00,988.9994,4034.505,24:00,10422.8483
,8:00-12:00,4940.0921,3418.1386,,
,12:00-16:00,3483.2498,149.5722,,
,16:00-20:00,0.0,4775.0517,,
,20:00-24:00,9978.6052,3647.0551,,
2025-03-26,0:00-4:00,451.7149,26.4526,0:00,10422.8483
,4:00-8:00,488.7909,3888.8035,24:00,10594.583
,8:00-12:00,6838.3841,2750.8511,,
,12:00-16:00,869.9294,0.0,,
,16:00-20:00,0.0,4717.5542,,
,20:00-24:00,10092.9857,3642.6395,,
2025-03-27,0:00-4:00,333.5019,85.2613,0:00,10594.583
,4:00-8:00,444.619,3885.2308,24:00,10772.7221
,8:00-12:00,5625.1484,2855.81,,
,12:00-16:00,2315.8793,51.3331,,
,16:00-20:00,0.0,4509.0968,,
,20:00-24:00,9995.9793,3612.1966,,
2025-03-28,0:00-4:00,328.1356,1411.6325,0:00,10772.7221
,4:00-8:00,107.358,6534.8445,24:00,10800.0
,8:00-12:00,9405.2806,0.0,,
,12:00-16:00,0.0,0.0,,
,16:00-20:00,0.0,5361.8509,,
,20:00-24:00,9967.0122,2711.429,,
2025-03-29,0:00-4:00,161.9543,1343.5498,0:00,10800.0
,4:00-8:00,159.4618,6349.3068,24:00,10549.1313
,8:00-12:00,9175.9377,0.0,,
,12:00-16:00,0.0,0.0,,
,16:00-20:00,0.0,5460.303,,
,20:00-24:00,9946.8456,2822.4238,,
2025-03-30,0:00-4:00,349.1671,81.706,0:00,10549.1313
,4:00-8:00,434.2522,3786.0331,24:00,10800.0
,8:00-12:00,5998.3476,2542.8472,,
,12:00-16:00,1688.2814,224.371,,
,16:00-20:00,31.0222,4511.4117,,
,20:00-24:00,9936.6069,3562.3679,,
2025-03-31,0:00-4:00,43.2223,35.0101,0:00,10800.0
,4:00-8:00,584.5955,4130.0956,24:00,10644.7231
,8:00-12:00,5773.1884,1697.6416,,
,12:00-16:00,1323.6303,394.2083,,
,16:00-20:00,0.0,4715.729,,
,20:00-24:00,10060.0529,3572.6631,,
2025-04-01,0:00-4:00,274.5562,82.6413,0:00,10644.7231
,4:00-8:00,1207.5631,3608.4572,24:00,10755.7317
,8:00-12:00,5517.9344,2036.4331,,
,12:00-16:00,477.1346,189.2417,,
,16:00-20:00,0.0,4546.7053,,
,20:00-24:00,10108.7438,3681.2187,,
2025-04-02,0:00-4:00,130.4237,65.8017,0:00,10755.7317
,4:00-8:00,195.985,4614.8838,24:00,10729.9689
,8:00-12:00,3355.6949,4045.4857,,
,12:00-16:00,6363.5792,0.0,,
,16:00-20:00,776.555,4528.658,,
,20:00-24:00,10094.9818,3711.3053,,
2025-04-03,0:00-4:00,117.8335,32.4171,0:00,10729.9689
,4:00-8:00,182.0936,4510.0318,24:00,10776.8072
,8:00-12:00,6465.6917,2811.689,,
,12:00-16:00,2506.024,92.8648,,
,16:00-20:00,0.0,4635.2782,,
,20:00-24:00,10151.9934,3608.7099,,
2025-04-04,0:00-4:00,209.5315,1352.8194,0:00,10776.8072
,4:00-8:00,194.9686,6245.1619,24:00,10781.0153
,8:00-12:00,9001.4934,0.0,,
,12:00-16:00,0.0,0.0,,
,16:00-20:00,0.0,5339.8036,,
,20:00-24:00,10051.9701,2819.3784,,
2025-04-05,0:00-4:00,271.1362,1595.6499,0:00,10781.0153
,4:00-8:00,220.0142,6172.3648,24:00,10646.0554
,8:00-12:00,9120.0853,0.0,,
,12:00-16:00,0.0,0.0,,
,16:00-20:00,0.0,5431.6607,,
,20:00-24:00,9964.7741,2778.3564,,
2025-04-06,0:00-4:00,194.9505,19.3598,0:00,10646.0554
,4:00-8:00,150.9149,4718.6129,24:00,10537.8288
,8:00-12:00,5716.5901,2241.5239,,
,12:00-16:00,2802.8834,62.8778,,
,16:00-20:00,0.0,4734.3309,,
,20:00-24:00,10058.8347,3649.2793,,
2025-04-07,0:00-4:00,335.0524,35.4383,0:00,10537.8288
,4:00-8:00,128.3986,5451.4015,24:00,10800.0
,8:00-12:00,7699.8338,1803.4436,,
,12:00-16:00,1275.3816,119.0823,,
,16:00-20:00,0.0,4601.3017,,
,20:00-24:00,10068.0029,3553.7807,,
2025-04-08,0:00-4:00,0.0,0.0,0:00,10800.0
,4:00-8:00,0.0,5388.2885,24:00,10800.0
,8:00-12:00,6070.385,2561.4178,,
,12:00-16:00,3744.5839,0.4184,,
,16:00-20:00,1.7531,4498.5278,,
,20:00-24:00,10074.1355,3662.942,,
2025-04-09,0:00-4:00,0.0,0.0,0:00,10800.0
,4:00-8:00,1070.0678,3604.5796,24:00,10800.0
,8:00-12:00,5675.4435,2421.605,,
,12:00-16:00,837.6835,666.1267,,
,16:00-20:00,726.9516,4497.8416,,
,20:00-24:00,10045.3026,3677.7609,,
2025-04-10,0:00-4:00,3.7051,3.0011,0:00,10800.0
,4:00-8:00,313.0237,4449.9893,24:00,10731.6618
,8:00-12:00,5162.3003,2442.257,,
,12:00-16:00,3116.2273,66.9104,,
,16:00-20:00,10.1042,4570.5682,,
,20:00-24:00,9997.9662,3597.4732,,
2025-04-11,0:00-4:00,304.652,1628.3924,0:00,10731.6618
,4:00-8:00,302.2128,6214.807,24:00,10623.565
,8:00-12:00,9152.0287,0.0,,
,12:00-16:00,0.0,0.0,,
,16:00-20:00,0.0,5575.2359,,
,20:00-24:00,9940.1054,2635.0409,,
2025-04-12,0:00-4:00,228.821,1869.7189,0:00,10623.565
,4:00-8:00,401.4953,5496.4793,24:00,10800.0
,8:00-12:00,8659.7943,0.0,,
,12:00-16:00,0.0,0.0,,
,16:00-20:00,0.0,5279.4101,,
,20:00-24:00,9972.4221,2798.2517,,
2025-04-13,0:00-4:00,38.4138,31.1152,0:00,10800.0
,4:00-8:00,287.7592,5166.582,24:00,10800.0
,8:00-12:00,4739.7465,2133.3918,,
,12:00-16:00,3984.8076,0.0,,
,16:00-20:00,15.4548,4468.9509,,
,20:00-24:00,9986.7802,3632.8594,,
2025-04-14,0:00-4:00,74.5319,60.3708,0:00,10800.0
,4:00-8:00,23.2738,5704.3633,24:00,10538.6424
,8:00-12:00,4813.3455,1877.9257,,
,12:00-16:00,4524.2313,0.0,,
,16:00-20:00,0.0,4819.5405,,
,20:00-24:00,10106.0547,3601.5857,,
2025-04-15,0:00-4:00,290.3974,0.0,0:00,10538.6424
,4:00-8:00,464.7337,4362.6743,24:00,10752.5605
,8:00-12:00,6439.4563,1229.7196,,
,12:00-16:00,49.3848,40.0017,,
,16:00-20:00,0.0,4650.284,,
,20:00-24:00,10135.802,3602.4111,,
2025-04-16,0:00-4:00,104.7258,42.1324,0:00,10752.5605
,4:00-8:00,289.603,4421.0841,24:00,10709.1287
,8:00-12:00,5505.4721,1941.9388,,
,12:00-16:00,2181.561,98.0523,,
,16:00-20:00,0.0,4619.9758,,
,20:00-24:00,9986.4966,3550.8706,,
2025-04-17,0:00-4:00,102.8262,1.505,0:00,10709.1287
,4:00-8:00,236.4592,4497.5641,24:00,10789.2025
,8:00-12:00,5870.3746,1826.818,,
,12:00-16:00,1795.3007,76.3468,,
,16:00-20:00,0.0,4621.4138,,
,20:00-24:00,10220.6175,3667.0041,,
2025-04-18,0:00-4:00,53.8847,2017.982,0:00,10789.2025
,4:00-8:00,450.1598,5723.9884,24:00,10800.0
,8:00-12:00,9065.9408,0.0,,
,12:00-16:00,0.0,0.0,,
,16:00-20:00,0.0,5358.0867,,
,20:00-24:00,9994.9759,2737.8437,,
2025-04-19,0:00-4:00,132.7717,2653.9398,0:00,10800.0
,4:00-8:00,139.8975,5582.6252,24:00,10800.0
,8:00-12:00,9895.9295,0.0,,
,12:00-16:00,0.0,0.0,,
,16:00-20:00,0.0,5303.4007,,
,20:00-24:00,9876.4555,2696.5282,,
2025-04-20,0:00-4:00,8.7281,7.0698,0:00,10800.0
,4:00-8:00,184.3185,4720.5335,24:00,10800.0
,8:00-12:00,6558.5279,2412.1339,,
,12:00-16:00,2065.3927,2.0063,,
,16:00-20:00,0.0,4550.7009,,
,20:00-24:00,9962.1487,3518.6395,,
2025-04-21,0:00-4:00,46.0358,37.289,0:00,10800.0
,4:00-8:00,152.7802,4835.9588,24:00,10728.6756
,8:00-12:00,5720.9258,1480.4157,,
,12:00-16:00,1924.2872,0.0,,
,16:00-20:00,0.0,4483.0234,,
,20:00-24:00,9983.8739,3668.1064,,
2025-04-22,0:00-4:00,143.193,96.1769,0:00,10728.6756
,4:00-8:00,164.2783,5316.4451,24:00,10800.0
,8:00-12:00,4035.7493,1475.8925,,
,12:00-16:00,4412.4842,139.4145,,
,16:00-20:00,1.3545,4500.3715,,
,20:00-24:00,9933.5954,3546.9379,,
2025-04-23,0:00-4:00,36.3157,29.4157,0:00,10800.0
,4:00-8:00,148.3495,4738.9024,24:00,10800.0
,8:00-12:00,7244.6816,1581.1371,,
,12:00-16:00,415.4628,4.8405,,
,16:00-20:00,5.0463,4464.8217,,
,20:00-24:00,9982.1901,3624.8398,,
2025-04-24,0:00-4:00,1.8357,1.4869,0:00,10800.0
,4:00-8:00,0.0,4878.8389,24:00,10800.0
,8:00-12:00,6504.0749,1421.0445,,
,12:00-16:00,1273.5589,0.0,,
,16:00-20:00,10.9478,4491.5264,,
,20:00-24:00,9964.5671,3588.6407,,
2025-04-25,0:00-4:00,228.7632,2226.7634,0:00,10800.0
,4:00-8:00,385.4253,5274.0418,24:00,10529.3414
,8:00-12:00,8646.0647,0.0,,
,12:00-16:00,0.0,0.0,,
,16:00-20:00,0.0,5366.8113,,
,20:00-24:00,9777.5537,2796.6,,
2025-04-26,0:00-4:00,427.0642,2446.417,0:00,10529.3414
,4:00-8:00,680.3199,5065.0902,24:00,10583.8182
,8:00-12:00,8466.8134,0.0,,
,12:00-16:00,0.0,0.0,,
,16:00-20:00,98.5892,5585.9957,,
,20:00-24:00,9961.6272,2757.3432,,
2025-04-27,0:00-4:00,293.8262,56.1316,0:00,10583.8182
,4:00-8:00,86.3008,4726.0231,24:00,10559.6479
,8:00-12:00,6370.6531,1837.5156,,
,12:00-16:00,1702.7194,33.1007,,
,16:00-20:00,0.0,4767.2112,,
,20:00-24:00,10058.4281,3596.4325,,
2025-04-28,0:00-4:00,391.5644,100.8502,0:00,10559.6479
,4:00-8:00,0.0,4717.4267,24:00,10251.5679
,8:00-12:00,1016.0655,2623.2571,,
,12:00-16:00,4581.068,275.1557,,
,16:00-20:00,588.9186,4593.6766,,
,20:00-24:00,10070.6361,1451.9901,,
2025-04-29,0:00-4:00,609.369,0.0,0:00,10251.5679
,4:00-8:00,0.0,4246.9383,24:00,10784.0074
,8:00-12:00,6509.7755,1025.9798,,
,12:00-16:00,12.5337,67.2201,,
,16:00-20:00,328.8227,4922.957,,
,20:00-24:00,10324.0449,3663.1912,,
2025-04-30,0:00-4:00,103.1503,69.1584,0:00,10784.0074
,4:00-8:00,0.0,4756.3485,24:00,10571.7438
,8:00-12:00,5009.9329,894.937,,
,12:00-16:00,1966.9629,0.0,,
,16:00-20:00,0.0,4689.932,,
,20:00-24:00,10053.9915,3659.2317,,
2025-05-01,0:00-4:00,280.4743,21.7536,0:00,10571.7438
,4:00-8:00,87.4899,5732.3413,24:00,9606.5476
,8:00-12:00,5034.5808,1798.1725,,
,12:00-16:00,4203.2159,186.4859,,
,16:00-20:00,85.0771,5386.4007,,
,20:00-24:00,9340.6085,3158.9941,,
2025-05-02,0:00-4:00,1117.4253,2448.7125,0:00,9606.5476
,4:00-8:00,221.1457,5733.4801,24:00,9282.4081
,8:00-12:00,10088.9596,0.0,,
,12:00-16:00,0.0,0.0,,
,16:00-20:00,0.0,7059.61,,
,20:00-24:00,8984.3,1583.5057,,
2025-05-03,0:00-4:00,1233.8424,2336.211,0:00,9282.4081
,4:00-8:00,250.8169,5295.2195,24:00,9292.6702
,8:00-12:00,9623.0732,0.0,,
,12:00-16:00,0.0,0.0,,
,16:00-20:00,54.9329,6178.9376,,
,20:00-24:00,9029.4783,2536.0323,,
2025-05-04,0:00-4:00,1379.5467,75.1986,0:00,9292.6702
,4:00-8:00,396.1357,4095.6982,24:00,9144.037
,8:00-12:00,4092.8734,1136.9567,,
,12:00-16:00,2359.1606,0.0,,
,16:00-20:00,0.0,5215.0708,,
,20:00-24:00,8857.5016,3449.8722,,
2025-05-05,0:00-4:00,1869.3509,89.2621,0:00,9144.037
,4:00-8:00,120.0298,5370.1965,24:00,9163.568
,8:00-12:00,6286.4452,2195.4517,,
,12:00-16:00,3014.6396,0.0,,
,16:00-20:00,99.0894,5432.6114,,
,20:00-24:00,8905.406,3333.8187,,
2025-05-06,0:00-4:00,1421.3463,111.8655,0:00,9163.568
,4:00-8:00,598.6329,5724.9629,24:00,8809.6184
,8:00-12:00,3846.6768,2292.2377,,
,12:00-16:00,5987.4858,0.0,,
,16:00-20:00,41.7815,5128.6452,,
,20:00-24:00,8510.4357,3589.9941,,
2025-05-07,0:00-4:00,1936.7063,168.9657,0:00,8809.6184
,4:00-8:00,549.3631,5498.0543,24:00,8456.3479
,8:00-12:00,3328.6376,1874.3324,,
,12:00-16:00,5707.1397,405.1382,,
,16:00-20:00,33.4339,6045.356,,
,20:00-24:00,8101.4639,2248.0599,,
2025-05-08,0:00-4:00,2386.1601,2.0397,0:00,8456.3479
,4:00-8:00,338.9103,5227.4252,24:00,9118.949
,8:00-12:00,2672.3544,1687.2432,,
,12:00-16:00,4979.4462,389.2869,,
,16:00-20:00,1246.9338,4660.0983,,
,20:00-24:00,8527.0736,3759.7771,,
2025-05-09,0:00-4:00,432.5516,1488.7526,0:00,9118.949
,4:00-8:00,298.796,4953.7682,24:00,10008.2765
,8:00-12:00,9090.2162,0.0,,
,12:00-16:00,0.0,0.0,,
,16:00-20:00,0.0,5411.0486,,
,20:00-24:00,9202.3361,2755.3947,,
2025-05-10,0:00-4:00,707.486,2193.0633,0:00,10008.2765
,4:00-8:00,73.3092,5177.2948,24:00,10168.5032
,8:00-12:00,9198.1049,0.0,,
,12:00-16:00,0.0,0.0,,
,16:00-20:00,44.6495,5454.2041,,
,20:00-24:00,9300.9364,2684.0676,,
2025-05-11,0:00-4:00,781.4793,64.865,0:00,10168.5032
,4:00-8:00,42.796,4912.3669,24:00,10800.0
,8:00-12:00,2039.4297,1668.5185,,
,12:00-16:00,6070.8843,248.6365,,
,16:00-20:00,303.9128,4765.6516,,
,20:00-24:00,10296.2887,3594.795,,
2025-05-12,0:00-4:00,149.7507,121.2981,0:00,10800.0
,4:00-8:00,303.8208,3798.7405,24:00,10800.0
,8:00-12:00,5293.3096,734.9351,,
,12:00-16:00,0.0,0.0,,
,16:00-20:00,6.4909,4735.3593,,
,20:00-24:00,10161.8571,3501.0026,,
2025-05-13,0:00-4:00,0.0,0.0,0:00,10800.0
,4:00-8:00,108.5286,4400.7496,24:00,10710.2331
,8:00-12:00,3956.5352,1768.5276,,
,12:00-16:00,3551.3278,0.0,,
,16:00-20:00,6.3928,4791.9076,,
,20:00-24:00,10276.8275,3618.291,,
2025-05-14,0:00-4:00,99.741,12.8974,0:00,10710.2331
,4:00-8:00,60.9182,4796.2439,24:00,10800.0
,8:00-12:00,4838.578,1252.5625,,
,12:00-16:00,2584.0887,0.0,,
,16:00-20:00,0.0,4570.8872,,
,20:00-24:00,9891.6126,3441.319,,
2025-05-15,0:00-4:00,34.9326,28.2954,0:00,10800.0
,4:00-8:00,64.4808,5073.7261,24:00,10800.0
,8:00-12:00,5929.9176,1220.5277,,
,12:00-16:00,1844.8644,55.5491,,
,16:00-20:00,389.5176,4905.0055,,
,20:00-24:00,9572.331,3164.0919,,
2025-05-16,0:00-4:00,198.5283,2555.8724,0:00,10800.0
,4:00-8:00,594.2702,4736.4889,24:00,10633.9724
,8:00-12:00,8210.1167,0.0,,
,12:00-16:00,0.0,0.0,,
,16:00-20:00,0.0,5362.2114,,
,20:00-24:00,9757.1676,2690.5193,,
2025-05-17,0:00-4:00,298.1755,2904.3546,0:00,10633.9724
,4:00-8:00,789.5528,4723.0608,24:00,10629.7637
,8:00-12:00,8513.309,0.0,,
,12:00-16:00,0.0,0.0,,
,16:00-20:00,63.9585,5720.4457,,
,20:00-24:00,10162.4234,2716.1363,,
2025-05-18,0:00-4:00,228.4074,47.6287,0:00,10629.7637
,4:00-8:00,19.5449,4631.9749,24:00,10800.0
,8:00-12:00,5917.037,1769.7176,,
,12:00-16:00,1986.2871,0.0,,
,16:00-20:00,0.0,4439.3429,,
,20:00-24:00,9784.7727,3486.323,,
2025-05-19,0:00-4:00,0.0,0.0,0:00,10800.0
,4:00-8:00,0.0,4779.6656,24:00,10577.359
,8:00-12:00,4201.6609,1195.3417,,
,12:00-16:00,3174.8914,0.0,,
,16:00-20:00,0.0,4641.973,,
,20:00-24:00,10171.6425,3797.4343,,
2025-05-20,0:00-4:00,259.4087,9.7442,0:00,10577.359
,4:00-8:00,0.0,4385.4404,24:00,10601.9272
,8:00-12:00,5188.1295,1254.7628,,
,12:00-16:00,1862.743,162.2575,,
,16:00-20:00,136.3994,4805.7756,,
,20:00-24:00,10018.5971,3506.783,,
2025-05-21,0:00-4:00,309.111,72.1143,0:00,10601.9272
,4:00-8:00,0.0,3795.9144,24:00,10596.4707
,8:00-12:00,4142.3411,1073.0184,,
,12:00-16:00,1868.6869,659.8625,,
,16:00-20:00,815.6832,4666.1691,,
,20:00-24:00,9941.7149,3570.6372,,
2025-05-22,0:00-4:00,238.575,10.0694,0:00,10596.4707
,4:00-8:00,24.813,4242.803,24:00,10800.0
,8:00-12:00,4674.9556,1242.0174,,
,12:00-16:00,2071.6147,0.0,,
,16:00-20:00,108.9037,4720.2757,,
,20:00-24:00,10374.5637,3771.3328,,
2025-05-23,0:00-4:00,60.3649,3570.7107,0:00,10800.0
,4:00-8:00,639.142,4721.3476,24:00,10686.8964
,8:00-12:00,9537.602,0.0,,
,12:00-16:00,0.0,0.0,,
,16:00-20:00,0.0,5643.6533,,
,20:00-24:00,10206.9632,2725.7802,,
2025-05-24,0:00-4:00,210.2314,3339.9696,0:00,10686.8964
,4:00-8:00,691.268,4679.9677,24:00,10800.0
,8:00-12:00,9125.3284,0.0,,
,12:00-16:00,0.0,0.0,,
,16:00-20:00,0.0,5222.7095,,
,20:00-24:00,9715.533,2646.8722,,
2025-05-25,0:00-4:00,7.2788,5.8958,0:00,10800.0
,4:00-8:00,0.0,3988.2776,24:00,10572.6296
,8:00-12:00,5617.9526,969.3857,,
,12:00-16:00,502.6194,0.0,,
,16:00-20:00,238.4661,4845.6747,,
,20:00-24:00,10103.8454,3736.2309,,
2025-05-26,0:00-4:00,284.6892,25.9649,0:00,10572.6296
,4:00-8:00,50.5265,5178.3383,24:00,10187.551
,8:00-12:00,1347.7078,1718.2854,,
,12:00-16:00,4624.0168,168.285,,
,16:00-20:00,653.4559,4723.1881,,
,20:00-24:00,10012.9189,2280.8943,,
2025-05-27,0:00-4:00,688.6994,6.6424,0:00,10187.551
,4:00-8:00,48.5315,3942.8824,24:00,10747.0516
,8:00-12:00,5015.7435,1257.6461,,
,12:00-16:00,1356.1306,0.0,,
,16:00-20:00,39.6152,4737.6994,,
,20:00-24:00,10085.4655,3511.2696,,
2025-05-28,0:00-4:00,142.1199,87.727,0:00,10747.0516
,4:00-8:00,25.0166,5114.3675,24:00,10800.0
,8:00-12:00,1528.907,1535.1502,,
,12:00-16:00,6680.3742,0.0,,
,16:00-20:00,0.0,4670.0393,,
,20:00-24:00,10211.8611,3601.5682,,
2025-05-29,0:00-4:00,90.7315,73.4925,0:00,10800.0
,4:00-8:00,112.7007,4922.1911,24:00,10439.4915
,8:00-12:00,1705.5334,2013.0113,,
,12:00-16:00,6743.7443,0.0,,
,16:00-20:00,9.5636,4755.4603,,
,20:00-24:00,9971.6012,3653.7409,,
2025-05-30,0:00-4:00,404.0958,3300.5723,0:00,10439.4915
,4:00-8:00,442.3314,4782.6915,24:00,10764.8349
,8:00-12:00,9533.4757,0.0,,
,12:00-16:00,0.0,0.0,,
,16:00-20:00,84.5681,5616.3355,,
,20:00-24:00,10054.0282,2627.5761,,
2025-05-31,0:00-4:00,77.1396,3515.4711,0:00,10764.8349
,4:00-8:00,471.1732,5125.448,24:00,10800.0
,8:00-12:00,10158.561,0.0,,
,12:00-16:00,0.0,0.0,,
,16:00-20:00,111.2443,5686.3932,,
,20:00-24:00,10164.4936,2636.9546,,
2025-06-01,0:00-4:00,30.6116,1000.4723,0:00,10800.0
,4:00-8:00,316.7302,4997.5576,24:00,9228.3265
,8:00-12:00,2.0422,2923.317,,
,12:00-16:00,1574.7538,1277.2048,,
,16:00-20:00,0.0,0.0,,
,20:00-24:00,8926.1553,4.692,,
2025-06-02,0:00-4:00,856.2061,970.4202,0:00,9228.3265
,4:00-8:00,1067.1261,5080.3276,24:00,8553.5495
,8:00-12:00,5452.7155,2732.6452,,
,12:00-16:00,4194.1152,2430.6725,,
,16:00-20:00,6.5965,5388.6035,,
,20:00-24:00,8277.6664,86.7152,,
2025-06-03,0:00-4:00,1624.6652,752.9643,0:00,8553.5495
,4:00-8:00,1077.1163,5637.743,24:00,8303.495
,8:00-12:00,897.3261,2415.9302,,
,12:00-16:00,4271.4521,1314.8706,,
,16:00-20:00,0.0,2871.8397,,
,20:00-24:00,7939.7394,38.0435,,
2025-06-04,0:00-4:00,1995.5733,988.3723,0:00,8303.495
,4:00-8:00,883.8154,5197.2414,24:00,7419.0803
,8:00-12:00,2348.992,2535.8082,,
,12:00-16:00,3609.5967,2403.1897,,
,16:00-20:00,0.0,2427.2956,,
,20:00-24:00,7035.7209,101.7617,,
2025-06-05,0:00-4:00,2831.5813,823.9603,0:00,7419.0803
,4:00-8:00,998.7307,5533.9628,24:00,6309.7896
,8:00-12:00,3922.5928,2341.8019,,
,12:00-16:00,3681.4237,2800.2798,,
,16:00-20:00,3.6581,3361.9367,,
,20:00-24:00,5970.128,236.9931,,
2025-06-06,0:00-4:00,207.512,1346.8048,0:00,6309.7896
,4:00-8:00,57.9075,3445.6927,24:00,5283.041
,8:00-12:00,7886.4976,0.0,,
,12:00-16:00,2753.8691,480.9383,,
,16:00-20:00,0.0,8159.0617,,
,20:00-24:00,4992.997,369.5907,,
2025-06-07,0:00-4:00,133.9047,994.1877,0:00,5283.041
,4:00-8:00,164.5175,2901.3577,24:00,4300.878
,8:00-12:00,5790.3617,0.0,,
,12:00-16:00,4850.4858,71.537,,
,16:00-20:00,0.0,8568.463,,
,20:00-24:00,3882.4042,353.9572,,
2025-06-08,0:00-4:00,7126.8175,0.0,0:00,4300.878
,4:00-8:00,152.4686,3287.2106,24:00,5426.6338
,8:00-12:00,5344.3628,1088.7352,,
,12:00-16:00,814.476,659.7256,,
,16:00-20:00,0.0,4787.9707,,
,20:00-24:00,4069.4024,3344.2748,,
2025-06-09,0:00-4:00,5738.5699,39.0629,0:00,5426.6338
,4:00-8:00,439.9648,4503.8673,24:00,6367.4793
,8:00-12:00,4360.4065,2798.006,,
,12:00-16:00,5688.3358,967.1287,,
,16:00-20:00,29.5363,4865.4473,,
,20:00-24:00,5434.5322,3549.7168,,
2025-06-10,0:00-4:00,4740.5517,24.5147,0:00,6367.4793
,4:00-8:00,672.0606,3336.6523,24:00,7237.5865
,8:00-12:00,5225.7722,3557.8918,,
,12:00-16:00,4327.7336,1310.1252,,
,16:00-20:00,354.8103,4861.5003,,
,20:00-24:00,6189.5055,3549.6707,,
2025-06-11,0:00-4:00,3973.256,12.1652,0:00,7237.5865
,4:00-8:00,4.7696,4705.1897,24:00,7733.4323
,8:00-12:00,4987.522,3938.6737,,
,12:00-16:00,6537.4077,2141.5612,,
,16:00-20:00,394.3797,5126.6763,,
,20:00-24:00,7264.8502,2390.8426,,
2025-06-12,0:00-4:00,3437.4454,62.9528,0:00,7733.4323
,4:00-8:00,491.9236,3407.1731,24:00,8765.4952
,8:00-12:00,5127.1741,3107.5908,,
,12:00-16:00,4801.1829,2339.8816,,
,16:00-20:00,456.2244,4778.5839,,
,20:00-24:00,7768.0454,3261.3779,,
2025-06-13,0:00-4:00,1045.6296,1121.2589,0:00,8765.4952
,4:00-8:00,158.5443,5193.72,24:00,9820.7751
,8:00-12:00,6111.0618,13.8598,,
,12:00-16:00,2758.7062,0.0,,
,16:00-20:00,225.8449,5068.6468,,
,20:00-24:00,8882.2991,3190.2523,,
2025-06-14,0:00-4:00,489.557,715.2014,0:00,9820.7751
,4:00-8:00,277.3634,4791.3813,24:00,10286.6643
,8:00-12:00,7119.3575,0.0,,
,12:00-16:00,0.0,0.0,,
,16:00-20:00,216.2361,4983.6767,,
,20:00-24:00,9337.2696,3216.665,,
2025-06-15,0:00-4:00,570.373,0.0,0:00,10286.6643
,4:00-8:00,0.0,4752.3208,24:00,10362.0492
,8:00-12:00,3577.7603,3771.9055,,
,12:00-16:00,6214.2582,1737.1671,,
,16:00-20:00,957.0877,4497.7054,,
,20:00-24:00,10208.212,2610.4847,,
2025-06-16,0:00-4:00,554.8218,55.2499,0:00,10362.0492
,4:00-8:00,178.4981,4173.1263,24:00,10800.0
,8:00-12:00,5196.5744,3804.8519,,
,12:00-16:00,6272.6501,1725.2893,,
,16:00-20:00,331.6199,4631.1271,,
,20:00-24:00,9856.9594,3353.01,,
2025-06-17,0:00-4:00,93.8614,76.0277,0:00,10800.0
,4:00-8:00,128.857,3558.234,24:00,10446.7073
,8:00-12:00,4949.6767,3186.7043,,
,12:00-16:00,5539.122,3199.2642,,
,16:00-20:00,1222.8283,4682.5647,,
,20:00-24:00,10197.643,3542.079,,
2025-06-18,0:00-4:00,394.2666,1.3925,0:00,10446.7073
,4:00-8:00,1398.2671,2084.9219,24:00,10800.0
,8:00-12:00,4509.2929,2700.2018,,
,12:00-16:00,1003.1427,812.5456,,
,16:00-20:00,0.0,4558.9988,,
,20:00-24:00,9941.1129,3493.3027,,
2025-06-19,0:00-4:00,58.1239,47.0803,0:00,10800.0
,4:00-8:00,458.6506,3675.8638,24:00,10800.0
,8:00-12:00,5531.5196,3358.6902,,
,12:00-16:00,3560.2577,701.2926,,
,16:00-20:00,0.0,4800.2325,,
,20:00-24:00,10110.4604,3389.2404,,
2025-06-20,0:00-4:00,229.7698,2203.0073,0:00,10800.0
,4:00-8:00,509.6979,4983.4143,24:00,10800.0
,8:00-12:00,8132.6577,0.0,,
,12:00-16:00,0.0,0.0,,
,16:00-20:00,100.4755,4886.2221,,
,20:00-24:00,9696.5353,3049.3566,,
2025-06-21,0:00-4:00,209.2249,2844.3902,0:00,10800.0
,4:00-8:00,252.6738,5322.746,24:00,10800.0
,8:00-12:00,9620.9855,0.0,,
,12:00-16:00,0.0,0.0,,
,16:00-20:00,150.9449,4915.2439,,
,20:00-24:00,9694.141,3059.2756,,
2025-06-22,0:00-4:00,289.1868,234.2413,0:00,10800.0
,4:00-8:00,521.7031,2860.035,24:00,10800.0
,8:00-12:00,5523.5988,2036.6595,,
,12:00-16:00,2181.7692,1767.233,,
,16:00-20:00,0.0,4851.8382,,
,20:00-24:00,10204.9539,3414.1745,,
2025-06-23,0:00-4:00,53.635,43.4443,0:00,10800.0
,4:00-8:00,1326.152,2979.889,24:00,10800.0
,8:00-12:00,5692.8736,2705.5218,,
,12:00-16:00,2183.3007,1768.4736,,
,16:00-20:00,0.0,4638.8597,,
,20:00-24:00,9939.507,3412.141,,
2025-06-24,0:00-4:00,214.5591,173.7929,0:00,10800.0
,4:00-8:00,136.1861,3444.8503,24:00,10800.0
,8:00-12:00,4832.2491,5305.4605,,
,12:00-16:00,7670.1913,1486.9767,,
,16:00-20:00,61.5706,4747.5358,,
,20:00-24:00,9824.2324,3259.9647,,
2025-06-25,0:00-4:00,31.6813,25.6618,0:00,10800.0
,4:00-8:00,428.9129,3699.6561,24:00,10800.0
,8:00-12:00,4605.4703,3888.0602,,
,12:00-16:00,5974.3069,1329.3226,,
,16:00-20:00,0.0,4697.5562,,
,20:00-24:00,10014.6039,3414.2729,,
2025-06-26,0:00-4:00,65.1366,52.7606,0:00,10800.0
,4:00-8:00,155.7737,3916.6862,24:00,10800.0
,8:00-12:00,4897.0211,3957.0765,,
,12:00-16:00,5369.3103,568.1425,,
,16:00-20:00,0.0,4746.2275,,
,20:00-24:00,10080.791,3419.2132,,
2025-06-27,0:00-4:00,158.4459,3139.1277,0:00,10800.0
,4:00-8:00,187.4553,5192.8624,24:00,10800.0
,8:00-12:00,9940.5063,0.0,,
,12:00-16:00,0.0,0.0,,
,16:00-20:00,84.0251,5251.1703,,
,20:00-24:00,10169.8793,3054.4923,,
2025-06-28,0:00-4:00,189.57,2577.2244,0:00,10800.0
,4:00-8:00,103.238,5304.3971,24:00,10800.0
,8:00-12:00,9214.6855,0.0,,
,12:00-16:00,222.9035,25.4549,,
,16:00-20:00,373.0135,5261.4984,,
,20:00-24:00,9959.5663,3082.4363,,
2025-06-29,0:00-4:00,116.234,94.1495,0:00,10800.0
,4:00-8:00,105.8202,5139.3291,24:00,10800.0
,8:00-12:00,5692.9616,3586.3853,,
,12:00-16:00,5500.1385,426.4111,,
,16:00-20:00,265.9602,4901.3992,,
,20:00-24:00,10031.4215,3439.4799,,
2025-06-30,0:00-4:00,113.0447,91.5662,0:00,10800.0
,4:00-8:00,65.6711,5474.979,24:00,10800.0
,8:00-12:00,4910.3096,3218.2146,,
,12:00-16:00,6506.773,736.1813,,
,16:00-20:00,170.0504,4830.3197,,
,20:00-24:00,9959.3341,3246.1373,,
2025-07-01,0:00-4:00,0.0,1557.1122,0:00,10800.0
,4:00-8:00,1079.6289,2385.0358,24:00,9265.6128
,8:00-12:00,5291.4255,3911.5468,,
,12:00-16:00,4393.5955,865.6717,,
,16:00-20:00,67.2371,5331.6956,,
,20:00-24:00,8970.7651,3370.0347,,
2025-07-02,0:00-4:00,782.1047,1803.73,0:00,9265.6128
,4:00-8:00,1424.103,3902.8515,24:00,8591.0251
,8:00-12:00,5806.2682,2375.83,,
,12:00-16:00,3865.136,157.5057,,
,16:00-20:00,39.8677,5583.8554,,
,20:00-24:00,8406.1284,3245.4788,,
2025-07-03,0:00-4:00,1421.297,1964.5432,0:00,8591.0251
,4:00-8:00,1433.3974,3958.5484,24:00,8212.2898
,8:00-12:00,4400.1852,3041.1335,,
,12:00-16:00,6841.5833,1706.3362,,
,16:00-20:00,27.1204,6189.4128,,
,20:00-24:00,7928.7684,1343.2926,,
2025-07-04,0:00-4:00,0.0,3434.3321,0:00,8212.2898
,4:00-8:00,191.0062,2876.7288,24:00,7041.0911
,8:00-12:00,10475.6605,0.0,,
,12:00-16:00,0.0,55.7681,,
,16:00-20:00,62.5233,6774.8523,,
,20:00-24:00,6724.7805,2050.1137,,
2025-07-05,0:00-4:00,0.0,2045.8979,0:00,7041.0911
,4:00-8:00,137.8431,3211.0841,24:00,5904.2952
,8:00-12:00,10528.8235,0.0,,
,12:00-16:00,0.0,0.0,,
,16:00-20:00,0.9693,7306.3992,,
,20:00-24:00,5699.7723,1717.3359,,
2025-07-06,0:00-4:00,4328.6935,1263.1057,0:00,5904.2952
,4:00-8:00,1164.0895,4638.0396,24:00,4671.5972
,8:00-12:00,5371.5718,2786.2104,,
,12:00-16:00,6730.1278,2511.6733,,
,16:00-20:00,121.3744,6309.9246,,
,20:00-24:00,4446.8623,1552.2772,,
2025-07-07,0:00-4:00,5293.5565,1667.2384,0:00,4671.5972
,4:00-8:00,2146.1774,3619.4719,24:00,3656.9037
,8:00-12:00,5645.3108,2282.6208,,
,12:00-16:00,3330.6142,211.79,,
,16:00-20:00,85.7656,5526.2722,,
,20:00-24:00,3253.51,3607.3276,,
2025-07-08,0:00-4:00,7295.7582,127.7017,0:00,3656.9037
,4:00-8:00,1729.2879,3378.1148,24:00,4838.5638
,8:00-12:00,5386.9964,3046.3534,,
,12:00-16:00,2683.1515,915.2105,,
,16:00-20:00,297.1951,4916.6205,,
,20:00-24:00,3525.0084,3495.5969,,
2025-07-09,0:00-4:00,6505.3296,71.2414,0:00,4838.5638
,4:00-8:00,247.8636,5025.3145,24:00,6220.7439
,8:00-12:00,6106.8671,2358.8981,,
,12:00-16:00,4041.64,869.6306,,
,16:00-20:00,57.209,4737.0186,,
,20:00-24:00,4777.0439,3300.0568,,
2025-07-10,0:00-4:00,5118.1728,24.3894,0:00,6220.7439
,4:00-8:00,1089.1155,3281.4186,24:00,7299.1414
,8:00-12:00,5854.0718,2650.8787,,
,12:00-16:00,1099.8116,628.0765,,
,16:00-20:00,59.2421,4860.0476,,
,20:00-24:00,6381.7031,3462.346,,
2025-07-11,0:00-4:00,992.0246,59.875,0:00,7299.1414
,4:00-8:00,265.6132,5685.238,24:00,8448.2602
,8:00-12:00,8046.6884,0.0,,
,12:00-16:00,1678.2487,0.0,,
,16:00-20:00,33.7885,4566.2824,,
,20:00-24:00,7210.9171,3418.4949,,
2025-07-12,0:00-4:00,650.7487,138.5448,0:00,8448.2602
,4:00-8:00,243.9153,5727.6843,24:00,9131.1989
,8:00-12:00,8960.6384,0.0,,
,12:00-16:00,4.8839,11.6701,,
,16:00-20:00,78.0806,4774.3157,,
,20:00-24:00,8373.0455,3565.3032,,
2025-07-13,0:00-4:00,1874.8823,16.7337,0:00,9131.1989
,4:00-8:00,309.0269,3420.5205,24:00,10313.6819
,8:00-12:00,5860.444,2273.9651,,
,12:00-16:00,1307.2795,361.6822,,
,16:00-20:00,0.0,4676.2866,,
,20:00-24:00,9280.1711,3278.3383,,
2025-07-14,0:00-4:00,540.3535,13.7629,0:00,10313.6819
,4:00-8:00,73.4199,4550.0753,24:00,10446.4751
,8:00-12:00,5462.4196,2004.4407,,
,12:00-16:00,2700.7138,103.3294,,
,16:00-20:00,130.0066,4948.1451,,
,20:00-24:00,9799.0838,3412.5906,,
2025-07-15,0:00-4:00,544.7074,171.6519,0:00,10446.4751
,4:00-8:00,648.5085,3857.8472,24:00,10800.0
,8:00-12:00,6093.2222,1581.6237,,
,12:00-16:00,648.1311,497.7058,,
,16:00-20:00,6.4748,4760.4113,,
,20:00-24:00,9708.5077,3108.7244,,
2025-07-16,0:00-4:00,66.2652,53.6748,0:00,10800.0
,4:00-8:00,128.768,4833.7438,24:00,10800.0
,8:00-12:00,6488.9878,1555.8184,,
,12:00-16:00,1660.3115,503.9543,,
,16:00-20:00,311.8596,4741.7057,,
,20:00-24:00,10020.7326,3439.4121,,
2025-07-17,0:00-4:00,177.0669,179.5312,0:00,10800.0
,4:00-8:00,399.4996,4684.2974,24:00,10800.0
,8:00-12:00,5971.6938,2836.7979,,
,12:00-16:00,3766.9043,654.6568,,
,16:00-20:00,164.9098,4630.4321,,
,20:00-24:00,9732.8573,3386.7593,,
2025-07-18,0:00-4:00,248.8265,1516.2667,0:00,10800.0
,4:00-8:00,146.007,5540.2771,24:00,10800.0
,8:00-12:00,8020.0002,0.0,,
,12:00-16:00,296.9487,63.0397,,
,16:00-20:00,167.8261,4678.0284,,
,20:00-24:00,9993.2542,3489.407,,
2025-07-19,0:00-4:00,116.6827,1789.4602,0:00,10800.0
,4:00-8:00,484.8067,5607.6854,24:00,10773.6574
,8:00-12:00,8530.7891,0.0,,
,12:00-16:00,0.0,0.0,,
,16:00-20:00,54.9615,4675.6648,,
,20:00-24:00,10090.0035,3565.4652,,
2025-07-20,0:00-4:00,41.1751,9.6435,0:00,10773.6574
,4:00-8:00,192.9925,5254.9697,24:00,10800.0
,8:00-12:00,4659.0147,2008.6769,,
,12:00-16:00,4538.1008,342.3408,,
,16:00-20:00,20.3369,4514.9109,,
,20:00-24:00,9734.2264,3386.2854,,
2025-07-21,0:00-4:00,84.6535,68.5693,0:00,10800.0
,4:00-8:00,28.9108,5092.7614,24:00,10800.0
,8:00-12:00,5933.4447,2550.7887,,
,12:00-16:00,4034.12,485.1009,,
,16:00-20:00,74.596,4563.8629,,
,20:00-24:00,9621.6108,3258.5586,,
2025-07-22,0:00-4:00,116.4173,94.298,0:00,10800.0
,4:00-8:00,128.3646,5382.2017,24:00,10800.0
,8:00-12:00,5235.2922,1890.5945,,
,12:00-16:00,5013.7265,1132.8843,,
,16:00-20:00,69.2907,4653.34,,
,20:00-24:00,10010.3355,3511.1572,,
2025-07-23,0:00-4:00,176.6305,143.0707,0:00,10800.0
,4:00-8:00,0.0,5592.8116,24:00,10800.0
,8:00-12:00,5651.0806,2520.5251,,
,12:00-16:00,5449.8373,878.4068,,
,16:00-20:00,6.4375,4824.5366,,
,20:00-24:00,9941.2117,3233.0592,,
2025-07-24,0:00-4:00,55.6324,45.0622,0:00,10800.0
,4:00-8:00,347.401,4518.3185,24:00,10800.0
,8:00-12:00,5876.7997,1501.8966,,
,12:00-16:00,2727.1405,1286.0923,,
,16:00-20:00,236.6011,4859.1278,,
,20:00-24:00,9794.6275,3210.4464,,
2025-07-25,0:00-4:00,142.8005,1854.9747,0:00,10800.0
,4:00-8:00,156.5411,6158.0527,24:00,10800.0
,8:00-12:00,9593.2849,0.0,,
,12:00-16:00,0.0,0.0,,
,16:00-20:00,2.904,4717.4272,,
,20:00-24:00,10140.5989,3498.8101,,
2025-07-26,0:00-4:00,351.1856,2193.3493,0:00,10800.0
,4:00-8:00,331.8938,6337.5121,24:00,10800.0
,8:00-12:00,9848.8482,0.0,,
,12:00-16:00,0.0,0.0,,
,16:00-20:00,3.2092,4588.9707,,
,20:00-24:00,10055.5103,3558.5921,,
2025-07-27,0:00-4:00,170.6906,138.2593,0:00,10800.0
,4:00-8:00,57.1303,5554.2199,24:00,10800.0
,8:00-12:00,5679.8798,3132.0556,,
,12:00-16:00,6009.8275,828.6629,,
,16:00-20:00,69.1605,4801.002,,
,20:00-24:00,9879.4373,3257.3623,,
2025-07-28,0:00-4:00,74.5135,60.3559,0:00,10800.0
,4:00-8:00,231.9556,4790.8606,24:00,10800.0
,8:00-12:00,5052.8818,3529.4589,,
,12:00-16:00,5948.0186,778.2939,,
,16:00-20:00,96.7205,4607.7624,,
,20:00-24:00,9760.1911,3376.3359,,
2025-07-29,0:00-4:00,163.699,132.5962,0:00,10800.0
,4:00-8:00,135.0076,4452.4294,24:00,10800.0
,8:00-12:00,4262.1724,3208.6015,,
,12:00-16:00,5978.2676,743.0817,,
,16:00-20:00,77.1426,4812.4727,,
,20:00-24:00,9955.7891,3314.202,,
2025-07-30,0:00-4:00,61.0742,49.4701,0:00,10800.0
,4:00-8:00,23.8167,4649.2235,24:00,10800.0
,8:00-12:00,5305.471,3243.9754,,
,12:00-16:00,4786.5976,300.6682,,
,16:00-20:00,0.0,4453.3801,,
,20:00-24:00,9672.0673,3380.9944,,
2025-07-31,0:00-4:00,86.0243,69.6797,0:00,10800.0
,4:00-8:00,71.2877,4923.0302,24:00,10781.2688
,8:00-12:00,5413.5081,3194.3921,,
,12:00-16:00,5748.3316,981.4109,,
,16:00-20:00,46.9893,4815.4115,,
,20:00-24:00,10207.3959,3507.4985,,
2025-08-01,0:00-4:00,271.7981,1822.2976,0:00,10781.2688
,4:00-8:00,406.8242,5966.5076,24:00,10800.0
,8:00-12:00,8957.999,0.0,,
,12:00-16:00,0.0,0.0,,
,16:00-20:00,27.3736,4783.5194,,
,20:00-24:00,10197.4451,3498.5838,,
2025-08-02,0:00-4:00,278.8278,1701.8699,0:00,10800.0
,4:00-8:00,357.0685,5914.4668,24:00,10800.0
,8:00-12:00,8766.9885,0.0,,
,12:00-16:00,0.0,35.2277,,
,16:00-20:00,87.5635,4616.0936,,
,20:00-24:00,10009.1131,3526.9869,,
2025-08-03,0:00-4:00,1.3003,1.0532,0:00,10800.0
,4:00-8:00,758.9497,3586.5916,24:00,10463.7294
,8:00-12:00,5132.3037,1185.3237,,
,12:00-16:00,0.0,0.0,,
,16:00-20:00,0.0,4899.7752,,
,20:00-24:00,9939.6787,3454.0081,,
2025-08-04,0:00-4:00,373.634,96.3733,0:00,10463.7294
,4:00-8:00,1339.9524,3314.6775,24:00,10800.0
,8:00-12:00,4426.2376,1259.5632,,
,12:00-16:00,7.4622,6.0444,,
,16:00-20:00,0.0,4715.0182,,
,20:00-24:00,9918.0605,3318.6108,,
2025-08-05,0:00-4:00,58.4822,47.3706,0:00,10800.0
,4:00-8:00,748.4824,3439.79,24:00,10800.0
,8:00-12:00,5633.3338,1729.4811,,
,12:00-16:00,44.2691,35.858,,
,16:00-20:00,0.0,4474.9282,,
,20:00-24:00,9712.5972,3392.2755,,
2025-08-06,0:00-4:00,26.6881,21.6173,0:00,10800.0
,4:00-8:00,785.715,3486.9287,24:00,10800.0
,8:00-12:00,5468.8657,1579.2817,,
,12:00-16:00,803.7098,651.0049,,
,16:00-20:00,20.9681,4525.9528,,
,20:00-24:00,9743.6504,3383.3882,,
2025-08-07,0:00-4:00,142.0345,115.0479,0:00,10800.0
,4:00-8:00,191.5528,3800.0801,24:00,10800.0
,8:00-12:00,6431.0044,1564.1912,,
,12:00-16:00,24.6866,19.9961,,
,16:00-20:00,0.0,4600.1561,,
,20:00-24:00,9806.1072,3342.7908,,
2025-08-08,0:00-4:00,306.5687,1935.9793,0:00,10800.0
,4:00-8:00,410.8442,6207.1189,24:00,10800.0
,8:00-12:00,9335.7948,0.0,,
,12:00-16:00,0.0,0.0,,
,16:00-20:00,68.1137,4650.1128,,
,20:00-24:00,9942.5123,3458.4942,,
2025-08-09,0:00-4:00,316.7999,2011.5439,0:00,10800.0
,4:00-8:00,469.1473,6153.3054,24:00,10712.6699
,8:00-12:00,9294.1137,0.0,,
,12:00-16:00,0.0,0.0,,
,16:00-20:00,8.909,4623.9316,,
,20:00-24:00,9866.1147,3453.4346,,
2025-08-10,0:00-4:00,187.3683,73.1713,0:00,10712.6699
,4:00-8:00,0.0,4874.7711,24:00,10800.0
,8:00-12:00,4474.7226,1441.7643,,
,12:00-16:00,3336.2807,17.2901,,
,16:00-20:00,144.1854,4505.3241,,
,20:00-24:00,9620.3575,3397.0429,,
2025-08-11,0:00-4:00,143.2365,116.0216,0:00,10800.0
,4:00-8:00,5.7411,5108.8502,24:00,10800.0
,8:00-12:00,5452.2012,1955.1859,,
,12:00-16:00,3359.5811,78.1579,,
,16:00-20:00,25.0782,4883.2023,,
,20:00-24:00,10260.0494,3447.751,,
2025-08-12,0:00-4:00,119.9835,97.1866,0:00,10800.0
,4:00-8:00,41.4048,4623.0045,24:00,10717.1039
,8:00-12:00,4084.4409,1236.6518,,
,12:00-16:00,3460.5989,577.5079,,
,16:00-20:00,384.511,5049.0652,,
,20:00-24:00,10280.3778,3371.957,,
2025-08-13,0:00-4:00,211.879,97.0155,0:00,10717.1039
,4:00-8:00,71.0545,4941.7511,24:00,10800.0
,8:00-12:00,4248.7613,1369.6752,,
,12:00-16:00,3571.2945,80.3731,,
,16:00-20:00,0.0,4786.933,,
,20:00-24:00,10060.0484,3361.7062,,
2025-08-14,0:00-4:00,0.0,108.8925,0:00,10800.0
,4:00-8:00,134.4351,5579.9013,24:00,10800.0
,8:00-12:00,4245.4977,2283.1515,,
,12:00-16:00,5461.9749,0.0,,
,16:00-20:00,84.836,4865.7143,,
,20:00-24:00,10061.7364,3353.0093,,
2025-08-15,0:00-4:00,221.0271,1823.8259,0:00,10800.0
,4:00-8:00,257.8049,6531.9587,24:00,10800.0
,8:00-12:00,9836.9515,0.0,,
,12:00-16:00,0.0,0.0,,
,16:00-20:00,155.5784,4677.3927,,
,20:00-24:00,9968.4321,3523.0558,,
2025-08-16,0:00-4:00,217.8836,2096.6735,0:00,10800.0
,4:00-8:00,582.4937,6172.4368,24:00,10712.2676
,8:00-12:00,9408.4009,0.0,,
,12:00-16:00,0.0,0.0,,
,16:00-20:00,17.2012,4983.0498,,
,20:00-24:00,10263.1877,3423.0244,,
2025-08-17,0:00-4:00,201.7314,94.1051,0:00,10712.2676
,4:00-8:00,18.2083,5424.1632,24:00,10800.0
,8:00-12:00,5771.8163,1328.6753,,
,12:00-16:00,2558.7413,0.0,,
,16:00-20:00,66.1952,4939.5431,,
,20:00-24:00,10062.3264,3264.5594,,
2025-08-18,0:00-4:00,181.6238,147.1153,0:00,10800.0
,4:00-8:00,28.6311,5267.9131,24:00,10800.0
,8:00-12:00,5551.5537,1985.1339,,
,12:00-16:00,3436.5929,50.543,,
,16:00-20:00,166.2412,4747.5231,,
,20:00-24:00,9937.6731,3436.6475,,
2025-08-19,0:00-4:00,144.6136,117.137,0:00,10800.0
,4:00-8:00,67.134,4711.3116,24:00,10800.0
,8:00-12:00,6374.0365,1445.3886,,
,12:00-16:00,1271.0241,90.1774,,
,16:00-20:00,0.0,4659.1892,,
,20:00-24:00,9975.6026,3421.0488,,
2025-08-20,0:00-4:00,75.475,61.1348,0:00,10800.0
,4:00-8:00,0.0,6029.7431,24:00,10800.0
,8:00-12:00,5044.7424,2610.2569,,
,12:00-16:00,6065.4837,359.2831,,
,16:00-20:00,109.4913,4872.9605,,
,20:00-24:00,10173.1586,3455.986,,
2025-08-21,0:00-4:00,137.7982,111.6165,0:00,10800.0
,4:00-8:00,277.9015,4731.1032,24:00,10800.0
,8:00-12:00,5839.4406,1134.3338,,
,12:00-16:00,1397.413,221.5147,,
,16:00-20:00,124.7827,4721.3127,,
,20:00-24:00,9898.9634,3397.9217,,
2025-08-22,0:00-4:00,118.5199,1833.2997,0:00,10800.0
,4:00-8:00,390.4925,6252.0633,24:00,10239.4302
,8:00-12:00,9472.9173,0.0,,
,12:00-16:00,0.0,0.0,,
,16:00-20:00,133.7757,5208.1391,,
,20:00-24:00,9938.2502,3454.7147,,
2025-08-23,0:00-4:00,874.8444,1924.1165,0:00,10239.4302
,4:00-8:00,288.5593,6229.1684,24:00,10786.6852
,8:00-12:00,9525.2354,0.0,,
,12:00-16:00,0.0,0.0,,
,16:00-20:00,104.9906,4797.9608,,
,20:00-24:00,10069.8504,3455.6438,,
2025-08-24,0:00-4:00,21.0943,5.1031,0:00,10786.6852
,4:00-8:00,2.9515,5584.4432,24:00,10800.0
,8:00-12:00,5471.8432,1630.3419,,
,12:00-16:00,3491.0366,398.3072,,
,16:00-20:00,575.1005,4530.4025,,
,20:00-24:00,9597.145,3358.3475,,
2025-08-25,0:00-4:00,33.6824,27.2828,0:00,10800.0
,4:00-8:00,41.0016,5909.1113,24:00,10473.3464
,8:00-12:00,4384.2634,1481.2754,,
,12:00-16:00,4503.6624,1214.7791,,
,16:00-20:00,644.1134,4872.7473,,
,20:00-24:00,10303.7182,2916.2499,,
2025-08-26,0:00-4:00,364.921,1.5978,0:00,10473.3464
,4:00-8:00,0.8664,5473.1283,24:00,10800.0
,8:00-12:00,4694.8536,1858.7451,,
,12:00-16:00,4477.92,98.775,,
,16:00-20:00,434.9435,4870.2126,,
,20:00-24:00,9742.8734,3373.8191,,
2025-08-27,0:00-4:00,21.4412,17.3673,0:00,10800.0
,4:00-8:00,586.4775,4175.9496,24:00,10800.0
,8:00-12:00,6636.2335,2543.7577,,
,12:00-16:00,1698.2298,613.3426,,
,16:00-20:00,460.4754,4976.6727,,
,20:00-24:00,9916.0912,3321.2584,,
2025-08-28,0:00-4:00,32.4295,26.2679,0:00,10800.0
,4:00-8:00,0.0,5635.7597,24:00,10372.3033
,8:00-12:00,2497.086,2668.8674,,
,12:00-16:00,7156.7416,226.1629,,
,16:00-20:00,601.149,4985.7434,,
,20:00-24:00,10108.8913,3363.1265,,
2025-08-29,0:00-4:00,970.6127,1522.3388,0:00,10372.3033
,4:00-8:00,145.4554,7261.1575,24:00,10800.0
,8:00-12:00,10202.973,0.0,,
,12:00-16:00,0.0,0.0,,
,16:00-20:00,61.3944,4549.4439,,
,20:00-24:00,9903.1974,3521.8755,,
2025-08-30,0:00-4:00,294.4159,1632.2495,0:00,10800.0
,4:00-8:00,503.7222,6172.2782,24:00,10772.6203
,8:00-12:00,8837.0812,0.0,,
,12:00-16:00,0.0,0.0,,
,16:00-20:00,163.9169,4941.6373,,
,20:00-24:00,10097.4885,3394.7429,,
2025-08-31,0:00-4:00,30.4219,0.0,0:00,10772.6203
,4:00-8:00,41.8069,6132.6003,24:00,10800.0
,8:00-12:00,3452.733,1301.3589,,
,12:00-16:00,5948.9169,238.9517,,
,16:00-20:00,29.2727,4757.3988,,
,20:00-24:00,10198.5948,3503.463,,
2025-09-01,0:00-4:00,0.0,0.0,0:00,10800.0
,4:00-8:00,172.4574,4866.6851,24:00,10800.0
,8:00-12:00,6613.5403,1047.6086,,
,12:00-16:00,515.5994,0.0,,
,16:00-20:00,0.0,3947.2342,,
,20:00-24:00,8170.0343,2670.4936,,
2025-09-02,0:00-4:00,0.0,0.0,0:00,10800.0
,4:00-8:00,0.0,5671.3649,24:00,10800.0
,8:00-12:00,5938.3523,1927.4221,,
,12:00-16:00,3442.8663,0.0,,
,16:00-20:00,0.0,4072.8731,,
,20:00-24:00,8409.3775,2738.7227,,
2025-09-03,0:00-4:00,0.0,0.0,0:00,10800.0
,4:00-8:00,165.5988,4612.6814,24:00,10800.0
,8:00-12:00,6019.8762,832.7266,,
,12:00-16:00,609.4421,58.4748,,
,16:00-20:00,0.0,3907.7909,,
,20:00-24:00,8168.5863,2708.7639,,
2025-09-04,0:00-4:00,0.0,0.0,0:00,10800.0
,4:00-8:00,295.0455,4406.9643,24:00,10800.0
,8:00-12:00,6907.0564,1426.7382,,
,12:00-16:00,104.506,84.6499,,
,16:00-20:00,0.0,3992.6361,,
,20:00-24:00,8357.8882,2777.2533,,
2025-09-05,0:00-4:00,573.31,1108.7866,0:00,10800.0
,4:00-8:00,759.8087,5476.6736,24:00,10800.0
,8:00-12:00,6797.0791,0.0,,
,12:00-16:00,0.0,0.0,,
,16:00-20:00,125.8644,4003.5391,,
,20:00-24:00,8242.6408,2774.9501,,
2025-09-06,0:00-4:00,421.3504,1655.1176,0:00,10800.0
,4:00-8:00,256.3914,6113.1686,24:00,10800.0
,8:00-12:00,8912.735,0.0,,
,12:00-16:00,0.0,0.0,,
,16:00-20:00,92.1388,3741.2307,,
,20:00-24:00,7860.0484,2700.0409,,
2025-09-07,0:00-4:00,0.0,0.0,0:00,10800.0
,4:00-8:00,25.8504,5459.0826,24:00,10800.0
,8:00-12:00,6413.2373,1888.2577,,
,12:00-16:00,2631.7027,0.0,,
,16:00-20:00,0.0,3966.2321,,
,20:00-24:00,8189.3977,2667.18,,
2025-09-08,0:00-4:00,0.0,0.0,0:00,10800.0
,4:00-8:00,49.5973,5466.0869,24:00,10221.2983
,8:00-12:00,3058.9266,1525.3709,,
,12:00-16:00,5522.9054,1188.6351,,
,16:00-20:00,170.927,4910.139,,
,20:00-24:00,10044.0463,2696.1858,,
2025-09-09,0:00-4:00,664.4357,17.3614,0:00,10221.2983
,4:00-8:00,40.6178,5511.2848,24:00,10342.3026
,8:00-12:00,6806.6669,1157.6982,,
,12:00-16:00,1534.473,386.9774,,
,16:00-20:00,312.1857,5301.7122,,
,20:00-24:00,10184.4788,3345.7771,,
2025-09-10,0:00-4:00,642.9425,133.1363,0:00,10342.3026
,4:00-8:00,29.976,6258.8199,24:00,10378.902
,8:00-12:00,3255.837,2381.1801,,
,12:00-16:00,5606.963,350.6654,,
,16:00-20:00,1218.4549,4671.7707,,
,20:00-24:00,10204.4066,3147.9379,,
2025-09-11,0:00-4:00,523.9553,45.4156,0:00,10378.902
,4:00-8:00,0.0,6076.0161,24:00,10800.0
,8:00-12:00,4554.887,2123.8047,,
,12:00-16:00,5568.3485,0.0,,
,16:00-20:00,34.7839,4581.6176,,
,20:00-24:00,9965.9569,3518.9824,,
2025-09-12,0:00-4:00,68.6929,2268.8491,0:00,10800.0
,4:00-8:00,74.9852,6457.4641,24:00,10629.2326
,8:00-12:00,10629.548,0.0,,
,12:00-16:00,0.0,0.0,,
,16:00-20:00,34.869,5504.9195,,
,20:00-24:00,9989.1509,2768.2273,,
2025-09-13,0:00-4:00,439.8994,1826.6812,0:00,10629.2326
,4:00-8:00,233.9101,6516.3788,24:00,10207.8441
,8:00-12:00,9816.0062,0.0,,
,12:00-16:00,0.0,0.0,,
,16:00-20:00,90.343,5989.594,,
,20:00-24:00,10012.6666,2726.7841,,
2025-09-14,0:00-4:00,691.8641,27.4696,0:00,10207.8441
,4:00-8:00,39.851,5996.1019,24:00,10310.4666
,8:00-12:00,4803.6155,2466.3041,,
,12:00-16:00,5636.2437,256.4192,,
,16:00-20:00,262.7534,5004.3687,,
,20:00-24:00,9951.4284,3479.4387,,
2025-09-15,0:00-4:00,656.6905,91.3393,0:00,10310.4666
,4:00-8:00,0.0,6592.7974,24:00,10744.4623
,8:00-12:00,7834.7923,1964.6518,,
,12:00-16:00,2875.6701,118.0254,,
,16:00-20:00,34.6194,4835.633,,
,20:00-24:00,10293.7008,3580.2904,,
2025-09-16,0:00-4:00,146.365,106.6792,0:00,10744.4623
,4:00-8:00,47.0462,6872.505,24:00,10179.7687
,8:00-12:00,3337.9348,1767.495,,
,12:00-16:00,6064.4524,176.3215,,
,16:00-20:00,1005.98,4778.0039,,
,20:00-24:00,10000.4258,3495.0051,,
2025-09-17,0:00-4:00,696.4278,5.8984,0:00,10179.7687
,4:00-8:00,241.0285,4847.2994,24:00,10800.0
,8:00-12:00,5656.226,2797.1294,,
,12:00-16:00,3545.1126,3.8885,,
,16:00-20:00,36.6944,4692.782,,
,20:00-24:00,10076.1432,3498.6165,,
2025-09-18,0:00-4:00,0.0,2.6079,0:00,10800.0
,4:00-8:00,39.362,5913.3792,24:00,10355.6745
,8:00-12:00,3490.1882,2597.0624,,
,12:00-16:00,6170.7531,90.8681,,
,16:00-20:00,817.3542,4870.1032,,
,20:00-24:00,10027.3357,3567.3166,,
2025-09-19,0:00-4:00,752.3077,1472.5255,0:00,10355.6745
,4:00-8:00,55.003,6788.3048,24:00,10637.3939
,8:00-12:00,9884.9403,0.0,,
,12:00-16:00,0.0,0.0,,
,16:00-20:00,122.5417,5946.2149,,
,20:00-24:00,10204.1546,2564.7546,,
2025-09-20,0:00-4:00,292.6363,1738.9459,0:00,10637.3939
,4:00-8:00,153.4807,6950.5006,24:00,10768.7695
,8:00-12:00,10462.2682,0.0,,
,12:00-16:00,0.0,12.9842,,
,16:00-20:00,45.5969,5701.0494,,
,20:00-24:00,10334.8848,2722.264,,
2025-09-21,0:00-4:00,63.1696,23.0599,0:00,10768.7695
,4:00-8:00,118.3533,5204.492,24:00,10740.7851
,8:00-12:00,6441.7999,1505.8736,,
,12:00-16:00,1727.752,2.8376,,
,16:00-20:00,0.0,4779.6372,,
,20:00-24:00,10175.089,3515.4783,,
2025-09-22,0:00-4:00,113.1631,38.3686,0:00,10740.7851
,4:00-8:00,169.4742,5504.9112,24:00,10653.2862
,8:00-12:00,3113.8463,2222.2248,,
,12:00-16:00,6348.7571,74.847,,
,16:00-20:00,355.8865,4927.7852,,
,20:00-24:00,10012.0064,3602.2504,,
2025-09-23,0:00-4:00,177.3126,11.5808,0:00,10653.2862
,4:00-8:00,34.2821,6151.4626,24:00,10612.4254
,8:00-12:00,4414.4148,2387.9403,,
,12:00-16:00,6638.1387,440.9339,,
,16:00-20:00,342.0831,5001.981,,
,20:00-24:00,10077.1714,3606.4323,,
2025-09-24,0:00-4:00,251.5029,47.7012,0:00,10612.4254
,4:00-8:00,24.7732,4941.0638,24:00,10800.0
,8:00-12:00,5943.1256,2928.756,,
,12:00-16:00,3763.7318,0.0,,
,16:00-20:00,64.8896,4708.5513,,
,20:00-24:00,10083.2707,3511.4585,,
2025-09-25,0:00-4:00,148.9877,120.6801,0:00,10800.0
,4:00-8:00,5.8333,5204.2499,24:00,10800.0
,8:00-12:00,6108.5619,2278.9781,,
,12:00-16:00,3250.5902,155.541,,
,16:00-20:00,282.4298,4823.2054,,
,20:00-24:00,9964.3966,3423.5931,,
2025-09-26,0:00-4:00,195.2006,1293.5795,0:00,10800.0
,4:00-8:00,63.6193,6962.131,24:00,10798.4137
,8:00-12:00,9502.6276,0.0,,
,12:00-16:00,430.7878,0.0,,
,16:00-20:00,24.1016,5547.5171,,
,20:00-24:00,10071.079,2631.0068,,
2025-09-27,0:00-4:00,291.9179,1476.2238,0:00,10798.4137
,4:00-8:00,58.7784,7012.9722,24:00,10036.0706
,8:00-12:00,10131.5551,0.0,,
,12:00-16:00,0.0,0.0,,
,16:00-20:00,219.3714,6045.6695,,
,20:00-24:00,9958.9773,2886.3293,,
2025-09-28,0:00-4:00,900.6753,42.0105,0:00,10036.0706
,4:00-8:00,0.0,6669.4591,24:00,10783.8586
,8:00-12:00,4887.1355,1970.5409,,
,12:00-16:00,5367.6972,587.2412,,
,16:00-20:00,1152.141,4866.9961,,
,20:00-24:00,10143.2211,3375.9478,,
2025-09-29,0:00-4:00,95.3478,62.7045,0:00,10783.8586
,4:00-8:00,78.7339,5752.8289,24:00,10800.0
,8:00-12:00,5254.2099,2938.5964,,
,12:00-16:00,5597.4648,162.2055,,
,16:00-20:00,0.0,4805.6234,,
,20:00-24:00,10221.9221,3474.1334,,
2025-09-30,0:00-4:00,101.9144,82.5506,0:00,10800.0
,4:00-8:00,77.4612,5208.8078,24:00,10800.0
,8:00-12:00,5364.4131,3446.7209,,
,12:00-16:00,6004.8193,721.209,,
,16:00-20:00,129.5258,4658.8837,,
,20:00-24:00,10031.1128,3466.3177,,
2025-10-01,0:00-4:00,1.2489,1.0116,0:00,10800.0
,4:00-8:00,528.6483,4472.7235,24:00,10800.0
,8:00-12:00,6913.908,1555.7471,,
,12:00-16:00,77.8811,63.0837,,
,16:00-20:00,0.0,4211.3858,,
,20:00-24:00,9121.4447,3176.9844,,
2025-10-02,0:00-4:00,29.4463,23.8515,0:00,10800.0
,4:00-8:00,331.6699,5351.202,24:00,10800.0
,8:00-12:00,6448.1415,2184.1541,,
,12:00-16:00,2523.0973,0.0,,
,16:00-20:00,0.0,4193.8547,,
,20:00-24:00,9056.8138,3142.1645,,
2025-10-03,0:00-4:00,172.7182,1341.3841,0:00,10800.0
,4:00-8:00,164.403,6769.552,24:00,10800.0
,8:00-12:00,9676.3801,0.0,,
,12:00-16:00,0.0,0.0,,
,16:00-20:00,0.0,4917.8352,,
,20:00-24:00,8886.3374,2280.0981,,
2025-10-04,0:00-4:00,99.8007,1196.5588,0:00,10800.0
,4:00-8:00,117.4137,7194.7442,24:00,10800.0
,8:00-12:00,10142.4189,0.0,,
,12:00-16:00,0.0,0.0,,
,16:00-20:00,0.0,4647.2416,,
,20:00-24:00,8565.9782,2291.2008,,
2025-10-05,0:00-4:00,96.9489,78.5286,0:00,10800.0
,4:00-8:00,404.4069,4405.4557,24:00,10800.0
,8:00-12:00,6681.3812,2104.9562,,
,12:00-16:00,951.7575,0.0,,
,16:00-20:00,0.0,4127.5769,,
,20:00-24:00,9032.1852,3188.4931,,
2025-10-06,0:00-4:00,21.6424,17.5303,0:00,10800.0
,4:00-8:00,291.0225,4455.0553,24:00,10800.0
,8:00-12:00,6608.6027,2343.1486,,
,12:00-16:00,1559.2792,53.5086,,
,16:00-20:00,0.0,4310.3992,,
,20:00-24:00,9171.6403,3118.6294,,
2025-10-07,0:00-4:00,17.0359,13.7991,0:00,10800.0
,4:00-8:00,758.2857,4157.7105,24:00,10800.0
,8:00-12:00,6133.3951,3067.2156,,
,12:00-16:00,2084.0434,45.4105,,
,16:00-20:00,0.0,4257.8856,,
,20:00-24:00,8912.4462,2961.1958,,
2025-10-08,0:00-4:00,33.8296,27.402,0:00,10800.0
,4:00-8:00,7.5701,6949.2347,24:00,10277.206
,8:00-12:00,3625.1702,1696.8971,,
,12:00-16:00,5378.2752,8.0936,,
,16:00-20:00,765.2529,4664.1197,,
,20:00-24:00,10085.7844,3240.4323,,
2025-10-09,0:00-4:00,582.9784,1.6979,0:00,10277.206
,4:00-8:00,26.5983,5886.6491,24:00,10380.1005
,8:00-12:00,3640.0618,2567.8886,,
,12:00-16:00,6794.8585,291.6711,,
,16:00-20:00,278.0311,4794.7147,,
,20:00-24:00,10043.5988,3671.3364,,
2025-10-10,0:00-4:00,722.2224,1429.8369,0:00,10380.1005
,4:00-8:00,96.5457,7337.5832,24:00,10008.6458
,8:00-12:00,10471.7624,0.0,,
,12:00-16:00,0.0,0.0,,
,16:00-20:00,0.0,5897.2535,,
,20:00-24:00,9808.8202,2760.1096,,
2025-10-11,0:00-4:00,928.9376,823.8847,0:00,10008.6458
,4:00-8:00,163.2374,7295.9826,24:00,10435.0843
,8:00-12:00,9811.635,0.0,,
,12:00-16:00,0.0,0.0,,
,16:00-20:00,25.4924,5681.6438,,
,20:00-24:00,10066.0485,2820.9285,,
2025-10-12,0:00-4:00,429.6072,19.5577,0:00,10435.0843
,4:00-8:00,38.3408,5839.5309,24:00,10650.6002
,8:00-12:00,4744.021,2647.5538,,
,12:00-16:00,5762.2599,54.0588,,
,16:00-20:00,37.9966,4773.839,,
,20:00-24:00,10146.1961,3609.817,,
2025-10-13,0:00-4:00,184.8883,15.2997,0:00,10650.6002
,4:00-8:00,136.3911,5369.6777,24:00,10718.339
,8:00-12:00,6124.4451,2780.094,,
,12:00-16:00,3976.7677,142.6875,,
,16:00-20:00,0.0,4558.1087,,
,20:00-24:00,10081.3555,3681.2842,,
2025-10-14,0:00-4:00,136.3728,49.2884,0:00,10718.339
,4:00-8:00,25.3881,4897.4396,24:00,10524.2336
,8:00-12:00,5203.8061,3486.1589,,
,12:00-16:00,5216.5768,65.1547,,
,16:00-20:00,118.5408,4795.7935,,
,20:00-24:00,9992.5524,3642.3818,,
2025-10-15,0:00-4:00,379.9779,59.5923,0:00,10524.2336
,4:00-8:00,160.7149,5339.7532,24:00,10199.2398
,8:00-12:00,4310.3685,3103.3341,,
,12:00-16:00,5386.7807,460.777,,
,16:00-20:00,480.532,4752.8783,,
,20:00-24:00,10003.9235,3361.2204,,
2025-10-16,0:00-4:00,679.9557,10.0799,0:00,10199.2398
,4:00-8:00,101.0771,5225.6955,24:00,10335.5606
,8:00-12:00,4310.7745,3481.2896,,
,12:00-16:00,5225.5043,1093.9776,,
,16:00-20:00,394.9772,4924.8303,,
,20:00-24:00,10150.6228,2040.3969,,
2025-10-17,0:00-4:00,671.5097,926.1078,0:00,10335.5606
,4:00-8:00,42.6476,7261.1544,24:00,10544.8618
,8:00-12:00,9909.6176,0.0,,
,12:00-16:00,0.0,0.0,,
,16:00-20:00,62.7012,5561.64,,
,20:00-24:00,9986.8544,2808.1244,,
2025-10-18,0:00-4:00,491.4234,901.2156,0:00,10544.8618
,4:00-8:00,62.3648,7265.5576,24:00,10715.0138
,8:00-12:00,9838.8529,21.6417,,
,12:00-16:00,0.0,9.9727,,
,16:00-20:00,69.8916,5539.7273,,
,20:00-24:00,9892.0448,2595.9561,,
2025-10-19,0:00-4:00,177.8142,67.5419,0:00,10715.0138
,4:00-8:00,70.0431,5304.7379,24:00,10257.5503
,8:00-12:00,5367.6701,3235.9496,,
,12:00-16:00,5300.8474,1674.8293,,
,16:00-20:00,306.8067,4844.7145,,
,20:00-24:00,10065.7267,2527.9596,,
2025-10-20,0:00-4:00,670.0031,54.4978,0:00,10257.5503
,4:00-8:00,10.6774,5156.1894,24:00,10306.0852
,8:00-12:00,3532.299,3492.4593,,
,12:00-16:00,5583.2558,496.3325,,
,16:00-20:00,581.9036,4535.9481,,
,20:00-24:00,10117.8725,2822.6607,,
2025-10-21,0:00-4:00,575.1839,21.3757,0:00,10306.0852
,4:00-8:00,413.5365,4470.3836,24:00,10333.4515
,8:00-12:00,4557.282,4135.7434,,
,12:00-16:00,4815.7503,742.6516,,
,16:00-20:00,742.7992,4494.8817,,
,20:00-24:00,10148.2795,3325.1278,,
2025-10-22,0:00-4:00,560.5206,34.128,0:00,10333.4515
,4:00-8:00,24.0193,4639.6451,24:00,10800.0
,8:00-12:00,5357.732,4019.8105,,
,12:00-16:00,5454.8293,225.2865,,
,16:00-20:00,246.4263,4764.17,,
,20:00-24:00,10134.4872,3537.2581,,
2025-10-23,0:00-4:00,15.2369,12.3419,0:00,10800.0
,4:00-8:00,511.474,4442.6721,24:00,10800.0
,8:00-12:00,6297.6882,4083.1799,,
,12:00-16:00,4284.4689,459.9892,,
,16:00-20:00,15.5904,4526.3645,,
,20:00-24:00,10062.0595,3636.5318,,
2025-10-24,0:00-4:00,80.733,827.5499,0:00,10800.0
,4:00-8:00,86.4432,7925.5442,24:00,10140.8835
,8:00-12:00,10364.125,22.3187,,
,12:00-16:00,302.5417,53.2594,,
,16:00-20:00,51.1684,5846.2473,,
,20:00-24:00,9934.315,2781.9396,,
2025-10-25,0:00-4:00,931.3733,826.1532,0:00,10140.8835
,4:00-8:00,103.1801,7527.9485,24:00,10161.8387
,8:00-12:00,9692.6187,47.1425,,
,12:00-16:00,377.086,0.0,,
,16:00-20:00,62.9802,5818.4829,,
,20:00-24:00,9929.432,2849.7162,,
2025-10-26,0:00-4:00,731.4975,18.1678,0:00,10161.8387
,4:00-8:00,272.8528,4399.1821,24:00,10800.0
,8:00-12:00,5454.8189,3697.1183,,
,12:00-16:00,4834.9837,459.4505,,
,16:00-20:00,23.8211,4411.9019,,
,20:00-24:00,9863.0709,3596.4806,,
2025-10-27,0:00-4:00,35.9738,29.1387,0:00,10800.0
,4:00-8:00,903.9103,3723.8339,24:00,10754.0455
,8:00-12:00,6002.2589,3567.9685,,
,12:00-16:00,2908.749,849.9498,,
,16:00-20:00,376.9684,4730.9391,,
,20:00-24:00,10120.6403,3621.8146,,
2025-10-28,0:00-4:00,113.1109,50.2608,0:00,10754.0455
,4:00-8:00,930.4195,3649.9961,24:00,10708.8773
,8:00-12:00,5718.1284,4263.6386,,
,12:00-16:00,3739.3271,581.6114,,
,16:00-20:00,181.5779,4690.064,,
,20:00-24:00,10090.4307,3631.206,,
2025-10-29,0:00-4:00,134.637,27.0455,0:00,10708.8773
,4:00-8:00,1127.0158,3065.6464,24:00,10616.0441
,8:00-12:00,4883.8761,5228.0073,,
,12:00-16:00,4797.2467,978.6022,,
,16:00-20:00,583.4897,4661.7493,,
,20:00-24:00,10082.6453,3625.7167,,
2025-10-30,0:00-4:00,254.5954,40.662,0:00,10616.0441
,4:00-8:00,889.1543,4248.7931,24:00,10791.6188
,8:00-12:00,5840.2463,3877.7197,,
,12:00-16:00,4022.5127,582.5369,,
,16:00-20:00,154.8151,4663.8897,,
,20:00-24:00,10064.7497,3621.5008,,
2025-10-31,0:00-4:00,76.0537,54.0604,0:00,10791.6188
,4:00-8:00,74.1357,8104.1919,24:00,10660.1095
,8:00-12:00,7937.6374,106.1523,,
,12:00-16:00,2124.4542,55.8193,,
,16:00-20:00,180.5877,5657.9237,,
,20:00-24:00,9988.6945,2649.2771,,
2025-11-01,0:00-4:00,212.2068,707.8646,0:00,10660.1095
,4:00-8:00,73.5339,7891.3328,24:00,10800.0
,8:00-12:00,8819.6974,95.4192,,
,12:00-16:00,1784.0904,39.3425,,
,16:00-20:00,142.1934,5411.5434,,
,20:00-24:00,9929.6392,2707.2985,,
2025-11-02,0:00-4:00,10.6202,8.6024,0:00,10800.0
,4:00-8:00,846.6237,4651.3071,24:00,10417.5244
,8:00-12:00,5254.4617,4674.4581,,
,12:00-16:00,6562.5343,934.0831,,
,16:00-20:00,24.5967,4893.7646,,
,20:00-24:00,10101.8333,3650.5554,,
2025-11-03,0:00-4:00,455.1662,24.4566,0:00,10417.5244
,4:00-8:00,884.133,4423.9105,24:00,10306.8705
,8:00-12:00,3667.2177,4594.5041,,
,12:00-16:00,5727.7524,620.0249,,
,16:00-20:00,620.8168,4508.5229,,
,20:00-24:00,10118.745,3321.9727,,
2025-11-04,0:00-4:00,592.9672,36.4869,0:00,10306.8705
,4:00-8:00,1047.2335,4098.3749,24:00,10583.7893
,8:00-12:00,4868.2041,4431.8345,,
,12:00-16:00,5358.7442,601.878,,
,16:00-20:00,15.5789,4727.5805,,
,20:00-24:00,10113.981,3671.9527,,
2025-11-05,0:00-4:00,288.2516,38.8941,0:00,10583.7893
,4:00-8:00,994.814,2518.9227,24:00,10800.0
,8:00-12:00,5353.0516,4997.535,,
,12:00-16:00,3925.8166,853.1194,,
,16:00-20:00,110.5753,4569.9889,,
,20:00-24:00,9918.7033,3505.8323,,
2025-11-06,0:00-4:00,86.8669,76.3644,0:00,10800.0
,4:00-8:00,886.5607,4523.121,24:00,10619.1915
,8:00-12:00,4415.6787,4828.9909,,
,12:00-16:00,6248.1935,496.4746,,
,16:00-20:00,621.1304,4612.4289,,
,20:00-24:00,9938.5544,3604.9053,,
2025-11-07,0:00-4:00,303.9865,83.5014,0:00,10619.1915
,4:00-8:00,143.6364,8260.9329,24:00,10570.2258
,8:00-12:00,6833.1691,505.6862,,
,12:00-16:00,3846.181,0.0,,
,16:00-20:00,6.3367,5595.076,,
,20:00-24:00,10083.8436,2784.7669,,
2025-11-08,0:00-4:00,438.0825,148.05,0:00,10570.2258
,4:00-8:00,137.1057,8116.8189,24:00,10495.9002
,8:00-12:00,7303.9977,183.0292,,
,12:00-16:00,2805.6225,0.0,,
,16:00-20:00,53.0345,5718.0278,,
,20:00-24:00,9972.0678,2675.9949,,
2025-11-09,0:00-4:00,376.4807,31.8843,0:00,10495.9002
,4:00-8:00,1005.9515,2803.0279,24:00,10800.0
,8:00-12:00,5009.802,5250.9782,,
,12:00-16:00,5472.3464,1358.6654,,
,16:00-20:00,133.2535,4444.5979,,
,20:00-24:00,9971.7436,3632.5144,,
2025-11-10,0:00-4:00,22.9306,18.5738,0:00,10800.0
,4:00-8:00,781.5137,3351.792,24:00,10515.6893
,8:00-12:00,4980.141,5912.7238,,
,12:00-16:00,6927.6124,1147.8049,,
,16:00-20:00,257.5204,4840.3868,,
,20:00-24:00,10068.8221,3645.8159,,
2025-11-11,0:00-4:00,374.6724,47.6051,0:00,10515.6893
,4:00-8:00,881.1224,3597.415,24:00,10800.0
,8:00-12:00,5069.5105,5684.915,,
,12:00-16:00,6485.1152,964.9611,,
,16:00-20:00,215.2287,4426.0743,,
,20:00-24:00,9935.1714,3621.4145,,
2025-11-12,0:00-4:00,0.0,0.0,0:00,10800.0
,4:00-8:00,1084.148,2994.1135,24:00,10609.0519
,8:00-12:00,5044.1559,5909.4071,,
,12:00-16:00,6234.1851,1110.0953,,
,16:00-20:00,4.6239,4729.719,,
,20:00-24:00,10142.3459,3661.1798,,
2025-11-13,0:00-4:00,230.0402,14.4793,0:00,10609.0519
,4:00-8:00,1162.139,1652.4187,24:00,10667.323
,8:00-12:00,5114.6982,4876.8467,,
,12:00-16:00,3314.4857,1564.5686,,
,16:00-20:00,418.0023,4801.1321,,
,20:00-24:00,10299.9075,3674.9217,,
2025-11-14,0:00-4:00,172.5557,20.3608,0:00,10667.323
,4:00-8:00,81.9625,7335.6827,24:00,10224.5474
,8:00-12:00,6563.5851,262.9838,,
,12:00-16:00,2735.5221,179.1365,,
,16:00-20:00,239.0115,5799.9169,,
,20:00-24:00,9958.9405,2799.195,,
2025-11-15,0:00-4:00,665.656,99.6916,0:00,10224.5474
,4:00-8:00,69.7733,8360.3497,24:00,10513.2161
,8:00-12:00,6303.7271,287.1998,,
,12:00-16:00,4399.2985,45.6192,,
,16:00-20:00,166.0625,5645.3571,,
,20:00-24:00,10023.4521,2820.6361,,
2025-11-16,0:00-4:00,398.203,64.4389,0:00,10513.2161
,4:00-8:00,1066.3496,2475.564,24:00,10800.0
,8:00-12:00,4681.1812,6681.3279,,
,12:00-16:00,7127.948,1273.7292,,
,16:00-20:00,87.0476,4635.6457,,
,20:00-24:00,10143.7514,3649.8183,,
2025-11-17,0:00-4:00,127.1072,102.9568,0:00,10800.0
,4:00-8:00,1183.9945,1517.4172,24:00,10800.0
,8:00-12:00,5073.1355,6379.2312,,
,12:00-16:00,4695.9333,975.3329,,
,16:00-20:00,14.565,4577.887,,
,20:00-24:00,10023.8207,3553.2054,,
2025-11-18,0:00-4:00,18.0402,14.6126,0:00,10800.0
,4:00-8:00,1239.4168,1803.7117,24:00,10761.0886
,8:00-12:00,4786.8839,5789.0471,,
,12:00-16:00,5167.7501,1753.4288,,
,16:00-20:00,361.8299,4630.4528,,
,20:00-24:00,10077.838,3581.6921,,
2025-11-19,0:00-4:00,130.7353,70.8754,0:00,10761.0886
,4:00-8:00,1051.9597,1724.2487,24:00,10666.0735
,8:00-12:00,4603.9713,7057.1716,,
,12:00-16:00,6870.365,1368.1693,,
,16:00-20:00,37.2633,4550.1602,,
,20:00-24:00,10038.818,3728.7097,,
2025-11-20,0:00-4:00,168.9755,34.3095,0:00,10666.0735
,4:00-8:00,1139.496,2495.7483,24:00,10800.0
,8:00-12:00,5036.3012,5847.0081,,
,12:00-16:00,6491.573,1899.8405,,
,16:00-20:00,33.7348,4492.2128,,
,20:00-24:00,9929.7118,3578.179,,
2025-11-21,0:00-4:00,54.7365,161.796,0:00,10800.0
,4:00-8:00,121.9121,8178.1694,24:00,10717.9133
,8:00-12:00,6408.7781,450.4492,,
,12:00-16:00,4266.937,0.0,,
,16:00-20:00,39.571,5376.3608,,
,20:00-24:00,9801.2059,2668.5464,,
2025-11-22,0:00-4:00,171.6855,70.0597,0:00,10717.9133
,4:00-8:00,121.6957,7787.3395,24:00,10547.5268
,8:00-12:00,5266.5072,609.8763,,
,12:00-16:00,4984.7456,0.0,,
,16:00-20:00,116.3691,5595.7373,,
,20:00-24:00,9937.5993,2775.2029,,
2025-11-23,0:00-4:00,373.6278,75.4127,0:00,10547.5268
,4:00-8:00,1089.1616,1519.3632,24:00,10785.4676
,8:00-12:00,5059.2848,7473.7645,,
,12:00-16:00,6317.0017,1103.8854,,
,16:00-20:00,20.2564,4571.3366,,
,20:00-24:00,10047.3086,3596.4702,,
2025-11-24,0:00-4:00,112.6768,78.1891,0:00,10785.4676
,4:00-8:00,1152.3196,1667.1973,24:00,10528.1573
,8:00-12:00,5244.3519,5786.8143,,
,12:00-16:00,4737.3397,1624.9733,,
,16:00-20:00,99.1865,4691.8197,,
,20:00-24:00,10033.1997,3699.6356,,
2025-11-25,0:00-4:00,344.3557,61.7853,0:00,10528.1573
,4:00-8:00,1101.4982,1701.1115,24:00,10707.2769
,8:00-12:00,4979.5777,7049.3005,,
,12:00-16:00,6372.2769,1309.2881,,
,16:00-20:00,0.0,4642.2367,,
,20:00-24:00,10086.5685,3611.3345,,
2025-11-26,0:00-4:00,116.9965,11.3164,0:00,10707.2769
,4:00-8:00,1239.1972,1122.7868,24:00,10800.0
,8:00-12:00,5040.1541,7067.1799,,
,12:00-16:00,5947.5966,1713.8611,,
,16:00-20:00,52.5081,4574.3186,,
,20:00-24:00,10029.0916,3591.7771,,
2025-11-27,0:00-4:00,17.1871,13.9215,0:00,10800.0
,4:00-8:00,998.3806,1721.264,24:00,10800.0
,8:00-12:00,4958.4567,6249.0504,,
,12:00-16:00,6060.2263,1772.0408,,
,16:00-20:00,107.8249,4608.0901,,
,20:00-24:00,10130.322,3676.2753,,
2025-11-28,0:00-4:00,31.9521,25.8812,0:00,10800.0
,4:00-8:00,114.3921,7798.0958,24:00,10496.5248
,8:00-12:00,5011.0784,747.847,,
,12:00-16:00,5479.4253,44.0228,,
,16:00-20:00,98.775,5830.8656,,
,20:00-24:00,10186.8406,2773.6107,,
2025-11-29,0:00-4:00,370.6802,27.1232,0:00,10496.5248
,4:00-8:00,135.3047,7326.2814,24:00,10137.2455
,8:00-12:00,3963.7039,768.2192,,
,12:00-16:00,4252.3116,283.8294,,
,16:00-20:00,453.0219,5358.1512,,
,20:00-24:00,9931.7783,2036.2552,,
2025-11-30,0:00-4:00,753.4225,45.9439,0:00,10137.2455
,4:00-8:00,1004.1007,781.1708,24:00,10378.4325
,8:00-12:00,4993.7131,7610.1969,,
,12:00-16:00,6297.671,2741.8276,,
,16:00-20:00,749.009,4781.7479,,
,20:00-24:00,10203.9636,3263.5673,,
2025-12-01,0:00-4:00,512.3601,591.7063,0:00,10378.4325
,4:00-8:00,753.2464,3336.5221,24:00,10295.0714
,8:00-12:00,4629.5264,5357.5022,,
,12:00-16:00,6726.5909,3108.4424,,
,16:00-20:00,513.3316,4514.728,,
,20:00-24:00,10105.6349,1991.0832,,
2025-12-02,0:00-4:00,574.8841,510.1832,0:00,10295.0714
,4:00-8:00,747.7634,2512.3304,24:00,10183.9994
,8:00-12:00,4495.4604,6234.3951,,
,12:00-16:00,6933.7464,2966.4116,,
,16:00-20:00,348.1921,4859.9512,,
,20:00-24:00,9996.6523,1725.0192,,
2025-12-03,0:00-4:00,741.3839,606.5269,0:00,10183.9994
,4:00-8:00,722.867,2425.5669,24:00,10077.9192
,8:00-12:00,4667.1783,6239.5489,,
,12:00-16:00,7348.8321,3074.133,,
,16:00-20:00,495.2097,4603.7774,,
,20:00-24:00,9901.2476,2486.0611,,
2025-12-04,0:00-4:00,880.0865,794.384,0:00,10077.9192
,4:00-8:00,803.7098,3060.1795,24:00,10199.1518
,8:00-12:00,4673.4787,5499.4389,,
,12:00-16:00,7844.7921,2284.9375,,
,16:00-20:00,396.3848,4624.1165,,
,20:00-24:00,9999.0576,3551.817,,
2025-12-05,0:00-4:00,705.7682,637.3939,0:00,10199.1518
,4:00-8:00,0.0,8033.515,24:00,9898.0872
,8:00-12:00,3253.5265,0.0,,
,12:00-16:00,3774.7966,277.1326,,
,16:00-20:00,103.7047,5499.8099,,
,20:00-24:00,9724.5371,48.5966,,
2025-12-06,0:00-4:00,853.0757,858.9168,0:00,9898.0872
,4:00-8:00,135.3306,7621.403,24:00,9946.8742
,8:00-12:00,1653.2684,148.5678,,
,12:00-16:00,6008.2964,80.9962,,
,16:00-20:00,120.1906,6096.313,,
,20:00-24:00,9744.7191,146.9484,,
2025-12-07,0:00-4:00,887.2272,655.3667,0:00,9946.8742
,4:00-8:00,889.9563,1783.2084,24:00,10435.9591
,8:00-12:00,4971.3994,6873.1304,,
,12:00-16:00,8475.9506,2561.7821,,
,16:00-20:00,354.194,4672.803,,
,20:00-24:00,9972.3394,3709.8972,,
2025-12-08,0:00-4:00,411.3317,7.0694,0:00,10435.9591
,4:00-8:00,761.3354,615.1542,24:00,10727.3502
,8:00-12:00,4941.7933,7367.6355,,
,12:00-16:00,7126.5336,2407.7094,,
,16:00-20:00,34.9397,4606.7736,,
,20:00-24:00,10114.71,3679.8275,,
2025-12-09,0:00-4:00,161.6639,65.5629,0:00,10727.3502
,4:00-8:00,778.3723,630.4816,24:00,10800.0
,8:00-12:00,6044.9238,7469.4335,,
,12:00-16:00,6367.1228,2584.3243,,
,16:00-20:00,12.8196,4608.3606,,
,20:00-24:00,10157.3119,3629.4459,,
2025-12-10,0:00-4:00,25.9139,20.9903,0:00,10800.0
,4:00-8:00,886.2949,717.8988,24:00,10737.6789
,8:00-12:00,4956.9933,7683.5759,,
,12:00-16:00,7496.4999,2445.1068,,
,16:00-20:00,51.0533,4775.5525,,
,20:00-24:00,10140.0863,3494.0065,,
2025-12-11,0:00-4:00,69.2457,0.0,0:00,10737.6789
,4:00-8:00,806.5255,653.2857,24:00,10800.0
,8:00-12:00,5386.4717,7282.993,,
,12:00-16:00,6111.9658,2030.7413,,
,16:00-20:00,0.0,4444.2951,,
,20:00-24:00,9969.8763,3631.3047,,
2025-12-12,0:00-4:00,129.6129,104.9865,0:00,10800.0
,4:00-8:00,111.508,5902.0306,24:00,10518.2001
,8:00-12:00,4560.2078,1975.0492,,
,12:00-16:00,5053.0741,0.0,,
,16:00-20:00,59.9954,5491.1592,,
,20:00-24:00,9931.9482,2855.9351,,
2025-12-13,0:00-4:00,367.7647,44.2694,0:00,10518.2001
,4:00-8:00,40.3293,5759.807,24:00,10687.286
,8:00-12:00,5209.7506,2066.0163,,
,12:00-16:00,4523.667,90.9117,,
,16:00-20:00,24.7099,5426.8331,,
,20:00-24:00,9987.5971,2784.5782,,
2025-12-14,0:00-4:00,128.7341,2.832,0:00,10687.286
,4:00-8:00,809.8325,655.9643,24:00,10800.0
,8:00-12:00,4980.0396,8180.9173,,
,12:00-16:00,8130.957,2438.99,,
,16:00-20:00,0.0,4467.3397,,
,20:00-24:00,10047.9952,3671.5364,,
2025-12-15,0:00-4:00,21.9366,17.7687,0:00,10800.0
,4:00-8:00,794.3877,643.454,24:00,10800.0
,8:00-12:00,4932.974,8494.0365,,
,12:00-16:00,8367.9041,2279.6748,,
,16:00-20:00,0.0,4549.542,,
,20:00-24:00,10134.1292,3659.1027,,
2025-12-16,0:00-4:00,12.2506,9.923,0:00,10800.0
,4:00-8:00,797.8486,646.2574,24:00,10800.0
,8:00-12:00,4569.0869,8436.5258,,
,12:00-16:00,8323.6386,2006.5819,,
,16:00-20:00,0.0,4519.9348,,
,20:00-24:00,9985.6984,3568.4809,,
2025-12-17,0:00-4:00,20.2176,16.3762,0:00,10800.0
,4:00-8:00,895.3222,725.211,24:00,10776.917
,8:00-12:00,5363.782,8068.9124,,
,12:00-16:00,7326.5552,2210.2607,,
,16:00-20:00,0.0,4583.4841,,
,20:00-24:00,10094.1582,3613.5587,,
2025-12-18,0:00-4:00,209.0994,148.5959,0:00,10776.917
,4:00-8:00,887.6466,718.9938,24:00,10800.0
,8:00-12:00,5094.3908,8427.8304,,
,12:00-16:00,8106.6126,2264.9823,,
,16:00-20:00,6.9654,4550.779,,
,20:00-24:00,10070.6502,3612.0896,,
2025-12-19,0:00-4:00,61.2021,49.5737,0:00,10800.0
,4:00-8:00,2.472,5798.9335,24:00,10456.1534
,8:00-12:00,6336.5729,2020.9368,,
,12:00-16:00,3432.8313,95.3494,,
,16:00-20:00,1.4145,5499.7877,,
,20:00-24:00,9903.3992,2832.5734,,
2025-12-20,0:00-4:00,390.1512,6.5605,0:00,10456.1534
,4:00-8:00,68.7228,5551.8183,24:00,10590.085
,8:00-12:00,6075.3234,2476.2596,,
,12:00-16:00,3857.4749,73.1542,,
,16:00-20:00,13.1951,5497.3698,,
,20:00-24:00,9921.8412,2738.9331,,
2025-12-21,0:00-4:00,272.7706,132.1232,0:00,10590.085
,4:00-8:00,919.6894,644.846,24:00,10800.0
,8:00-12:00,5182.9578,7883.6687,,
,12:00-16:00,7290.8424,2220.1094,,
,16:00-20:00,0.0,4606.0024,,
,20:00-24:00,10159.008,3622.7941,,
2025-12-22,0:00-4:00,149.3329,120.9597,0:00,10800.0
,4:00-8:00,786.2257,636.8428,24:00,10523.4054
,8:00-12:00,5630.6128,7603.7334,,
,12:00-16:00,6746.5217,2421.7455,,
,16:00-20:00,11.1479,4594.6738,,
,20:00-24:00,9981.2971,3748.1418,,
2025-12-23,0:00-4:00,311.8571,8.0084,0:00,10523.4054
,4:00-8:00,780.4448,627.821,24:00,10800.0
,8:00-12:00,5682.8287,7147.1358,,
,12:00-16:00,6085.0729,2384.8645,,
,16:00-20:00,0.0,4586.2231,,
,20:00-24:00,10111.9391,3604.4476,,
2025-12-24,0:00-4:00,11.9501,9.6795,0:00,10800.0
,4:00-8:00,760.6871,616.1566,24:00,10609.1772
,8:00-12:00,5209.7916,7789.4553,,
,12:00-16:00,7392.4035,2418.3228,,
,16:00-20:00,0.0,4787.3537,,
,20:00-24:00,10198.9586,3645.5433,,
2025-12-25,0:00-4:00,315.5199,83.8306,0:00,10609.1772
,4:00-8:00,933.0228,755.7484,24:00,10616.3657
,8:00-12:00,5559.1889,7066.2705,,
,12:00-16:00,5921.7909,2233.3232,,
,16:00-20:00,4.8516,4721.1229,,
,20:00-24:00,10115.7392,3641.8266,,
2025-12-26,0:00-4:00,322.4861,95.9429,0:00,10616.3657
,4:00-8:00,70.5622,5903.3244,24:00,10800.0
,8:00-12:00,5613.8178,2115.4718,,
,12:00-16:00,4457.7157,196.3013,,
,16:00-20:00,0.0,5372.8881,,
,20:00-24:00,9804.4808,2568.7414,,
2025-12-27,0:00-4:00,31.0759,116.1793,0:00,10800.0
,4:00-8:00,136.773,5252.7606,24:00,10713.7756
,8:00-12:00,4919.8953,2052.1798,,
,12:00-16:00,4154.6891,65.2512,,
,16:00-20:00,20.183,5443.3837,,
,20:00-24:00,10112.5311,2841.7167,,
2025-12-28,0:00-4:00,218.5256,99.4038,0:00,10713.7756
,4:00-8:00,740.8125,600.0581,24:00,10800.0
,8:00-12:00,5643.7577,7675.8684,,
,12:00-16:00,5972.149,1733.016,,
,16:00-20:00,33.6133,4389.8751,,
,20:00-24:00,9891.4699,3649.4423,,
2025-12-29,0:00-4:00,31.3113,25.3622,0:00,10800.0
,4:00-8:00,739.4683,598.9693,24:00,10800.0
,8:00-12:00,5551.0832,7028.3603,,
,12:00-16:00,6015.5955,2340.6495,,
,16:00-20:00,18.9748,4433.1298,,
,20:00-24:00,10020.2379,3698.6325,,
2025-12-30,0:00-4:00,12.2922,9.9567,0:00,10800.0
,4:00-8:00,858.9317,695.7347,24:00,10743.1633
,8:00-12:00,5212.0165,8012.1583,,
,12:00-16:00,6882.1766,1784.1382,,
,16:00-20:00,0.0,4571.6137,,
,20:00-24:00,10021.2199,3596.7275,,
2025-12-31,0:00-4:00,180.7863,95.2839,0:00,10743.1633
,4:00-8:00,827.2476,670.0705,24:00,10648.1576
,8:00-12:00,4917.4118,7963.3496,,
,12:00-16:00,7798.2458,2336.333,,
,16:00-20:00,0.0,4527.1593,,
,20:00-24:00,9911.8919,3638.1312,,
