日期,时刻,时段序号,购电量kWh,购电功率kW,电价元每kWh,小区负载kW,光伏实际功率kW,储电量期初kWh,储电量期末kWh,实际充电量kWh,实际放电量kWh,计划充电量kWh,计划放电量kWh
2025-03-20,0:10-0:20,1,633.0015,3798.009,0.4248,3299.0689,0.0,10800.0,10800.0,0.0,0.0,0.0,0.0
2025-03-20,0:20-0:30,2,627.43,3764.58,0.4245,3421.881,0.0,10800.0,10800.0,0.0,0.0,0.0,0.0
2025-03-20,0:30-0:40,3,614.9868,3689.9205,0.4269,3683.11,0.0,10800.0,10800.0,0.0,0.0,0.0,0.0
2025-03-20,0:40-0:50,4,624.1836,3745.1015,0.4272,3476.737,0.0,10800.0,10800.0,0.0,0.0,0.0,0.0
2025-03-20,0:50-1:00,5,617.7087,3706.2522,0.4271,3302.6695,0.0,10800.0,10800.0,0.0,0.0,0.0,0.0
2025-03-20,1:00-1:10,6,593.355,3560.13,0.4285,3426.94,0.0,10800.0,10800.0,0.0,0.0,0.0,0.0
2025-03-20,1:10-1:20,7,586.7537,3520.5222,0.4311,3609.5343,0.0,10800.0,10783.5163,0.0,14.8353,0.0,0.0
2025-03-20,1:20-1:30,8,579.0585,3474.3508,0.4302,3668.9025,0.0,10783.5163,10747.4882,0.0,32.4253,0.0,0.0
2025-03-20,1:30-1:40,9,570.514,3423.084,0.4279,3589.3,0.0,10747.4882,10716.7074,0.0,27.7027,0.0,0.0
2025-03-20,1:40-1:50,10,586.8552,3521.1313,0.4312,3503.6157,0.0,10716.7074,10719.3348,2.9193,0.0,0.0,0.0
2025-03-20,1:50-2:00,11,621.7469,3730.4812,0.4333,3545.9703,0.0,10719.3348,10747.0114,30.7518,0.0,0.0,-0.0
2025-03-20,2:00-2:10,12,639.7527,3838.5165,0.4311,3590.66,0.0,10747.0114,10784.1899,41.3094,0.0,0.0,0.0
2025-03-20,2:10-2:20,13,609.8137,3658.8821,0.4293,3395.9017,0.0,10784.1899,10800.0,17.5668,0.0,0.0,0.0
2025-03-20,2:20-2:30,14,597.8747,3587.2482,0.4324,3276.7246,0.0,10800.0,10800.0,0.0,0.0,0.0,0.0
2025-03-20,2:30-2:40,15,617.6082,3705.6495,0.4367,3394.28,0.0,10800.0,10800.0,0.0,0.0,0.0,-0.0
2025-03-20,2:40-2:50,16,623.8919,3743.3515,0.4348,3587.5594,0.0,10800.0,10800.0,0.0,0.0,0.0,0.0
2025-03-20,2:50-3:00,17,640.999,3845.9938,0.4335,3605.7268,0.0,10800.0,10800.0,0.0,0.0,0.0,0.0
2025-03-20,3:00-3:10,18,656.0995,3936.597,0.4357,3522.79,0.0,10800.0,10800.0,0.0,0.0,0.0,0.0
2025-03-20,3:10-3:20,19,625.8585,3755.1511,0.4374,3631.2618,0.0,10800.0,10800.0,0.0,0.0,0.0,-0.0
2025-03-20,3:20-3:30,20,603.8192,3622.9151,0.4371,3731.3543,0.0,10800.0,10779.9187,0.0,18.0732,0.0,0.0
2025-03-20,3:30-3:40,21,616.4147,3698.4885,0.4356,3721.01,0.0,10779.9187,10775.748,0.0,3.7536,0.0,0.0
2025-03-20,3:40-3:50,22,635.4649,3812.7894,0.4353,3699.7385,0.0,10775.748,10792.7056,18.8418,0.0,0.0,0.0
2025-03-20,3:50-4:00,23,624.6518,3747.9105,0.436,3674.7825,0.0,10792.7056,10800.0,8.1048,0.0,0.0,0.0
2025-03-20,4:00-4:10,24,604.632,3627.792,0.4378,3623.58,0.0,10800.0,10800.0,0.0,0.0,0.0,-0.0
2025-03-20,4:10-4:20,25,627.1972,3763.183,0.4401,3538.7697,0.0019,10800.0,10800.0,0.0,0.0,0.0,-0.0
2025-03-20,4:20-4:30,26,638.0191,3828.1145,0.4389,3488.7843,0.0,10800.0,10800.0,0.0,0.0,0.0,0.0
2025-03-20,4:30-4:40,27,625.9873,3755.9235,0.4364,3513.51,0.0,10800.0,10800.0,0.0,0.0,0.0,0.0
2025-03-20,4:40-4:50,28,635.3261,3811.9565,0.4393,3598.3779,0.0271,10800.0,10800.0,0.0,0.0,0.0,0.0
2025-03-20,4:50-5:00,29,650.5631,3903.3786,0.4422,3700.4359,0.0,10800.0,10800.0,0.0,0.0,0.0,-0.0
2025-03-20,5:00-5:10,30,652.2373,3913.4235,0.4395,3753.57,0.0,10800.0,10800.0,0.0,0.0,0.0,0.0
2025-03-20,5:10-5:20,31,639.1445,3834.8669,0.4333,3716.9811,0.3776,10800.0,10800.0,0.0,0.0,0.0,0.0
2025-03-20,5:20-5:30,32,634.8277,3808.9662,0.4439,3707.0664,0.0,10800.0,10800.0,0.0,0.0,0.0,-0.0
2025-03-20,5:30-5:40,33,634.5272,3807.1635,0.4301,3642.69,0.0,10800.0,10800.0,0.0,0.0,0.0,0.0
2025-03-20,5:40-5:50,34,630.3584,3782.1507,0.3713,3457.8398,5.2594,10800.0,10800.0,0.0,0.0,0.0,0.0
2025-03-20,5:50-6:00,35,731.2868,4387.721,0.5708,4028.7787,0.0,10800.0,10800.0,0.0,0.0,0.0,-0.0
2025-03-20,6:00-6:10,36,37.5122,225.073,0.9099,4962.09,0.0,10800.0,9922.7746,0.0,789.5028,0.0,833.3333
2025-03-20,6:10-6:20,37,20.5657,123.394,0.9368,4905.1198,153.4202,9922.7746,9065.681,0.0,771.3843,0.0,833.3333
2025-03-20,6:20-6:30,38,0.0,0.0,0.8758,4660.8239,401.044,9065.681,8276.8329,0.0,709.9633,0.0,804.4937
2025-03-20,6:30-6:40,39,0.0,0.0,0.8759,4703.75,675.525,8276.8329,7530.8653,0.0,671.3708,0.0,777.9573
2025-03-20,6:40-6:50,40,414.0195,2484.1173,0.8601,4726.9008,952.6316,7530.8653,7291.9483,0.0,215.0253,0.0,293.7447
2025-03-20,6:50-7:00,41,636.9711,3821.8265,0.8442,4819.4733,1302.5378,7291.9483,7337.6819,50.8152,0.0,0.0,0.0
2025-03-20,7:00-7:10,42,580.9484,3485.6903,0.8334,4880.33,1693.2375,7337.6819,7382.4716,49.7663,0.0,0.0,0.0
2025-03-20,7:10-7:20,43,518.6313,3111.7879,0.8092,4689.3761,2009.9231,7382.4716,7447.3218,72.0558,0.0,0.0,0.0
2025-03-20,7:20-7:30,44,504.3095,3025.8568,0.7972,4713.3646,2305.9149,7447.3218,7540.0829,103.0679,0.0,0.0,0.0
2025-03-20,7:30-7:40,45,479.3845,2876.307,0.7644,4827.2,2609.7375,7540.0829,7638.9096,109.8074,0.0,0.0,0.0
2025-03-20,7:40-7:50,46,1188.8545,7133.1271,0.6899,4578.156,2894.0148,7638.9096,8388.9096,833.3333,0.0,833.3333,0.0
2025-03-20,7:50-8:00,47,433.3931,2600.3587,0.86,5187.0368,3179.5684,8388.9096,8477.8431,98.8151,0.0,0.0,0.0
2025-03-20,8:00-8:10,48,0.0,0.0,1.1617,6405.59,3476.5125,8477.8431,7935.4213,0.0,488.1796,0.0,624.5522
2025-03-20,8:10-8:20,49,0.0,0.0,1.1683,6658.0486,3761.2255,7935.4213,7398.9726,0.0,482.8039,0.0,526.4356
2025-03-20,8:20-8:30,50,0.0,0.0,1.0956,6606.6001,3976.3717,7398.9726,6911.8933,0.0,438.3714,0.0,417.0819
2025-03-20,8:30-8:40,51,0.0,0.0,1.0849,6687.27,4220.325,6911.8933,6455.0516,0.0,411.1575,0.0,425.8223
2025-03-20,8:40-8:50,52,0.0,0.0,1.061,6649.776,4653.7429,6455.0516,6085.4159,0.0,332.6722,0.0,401.1623
2025-03-20,8:50-9:00,53,0.0,0.0,1.043,6705.5335,5037.5027,6085.4159,5776.5213,0.0,278.0051,0.0,362.9284
2025-03-20,9:00-9:10,54,0.0,0.0,1.036,6757.81,5180.8875,5776.5213,5484.4986,0.0,262.8204,0.0,326.0084
2025-03-20,9:10-9:20,55,0.0,0.0,1.0147,6494.2004,5166.4978,5484.4986,5238.6277,0.0,221.2838,0.0,271.3918
2025-03-20,9:20-9:30,56,0.0,0.0,0.9922,6436.4392,5533.329,5238.6277,5071.3851,0.0,150.5184,0.0,246.8301
2025-03-20,9:30-9:40,57,0.0,0.0,0.97,6570.85,6107.7375,5071.3851,4985.6235,0.0,77.1854,0.0,249.8081
2025-03-20,9:40-9:50,58,0.0,0.0,0.9422,6399.3635,6182.795,4985.6235,4945.5183,0.0,36.0948,0.0,232.1911
2025-03-20,9:50-10:00,59,0.0,0.0,0.9569,6445.9301,6198.386,4945.5183,4899.6768,0.0,41.2573,0.0,231.1479
2025-03-20,10:00-10:10,60,0.0,0.0,0.9977,6697.43,6426.1875,4899.6768,4849.4467,0.0,45.2071,0.0,253.5645
2025-03-20,10:10-10:20,61,0.0,0.0,0.9919,6577.9956,6675.2481,4849.4467,4864.0345,16.2087,0.0,0.0,261.43
2025-03-20,10:20-10:30,62,0.0,0.0,0.9588,6445.2772,6774.004,4864.0345,4913.3436,54.7878,0.0,0.0,246.5384
2025-03-20,10:30-10:40,63,0.0,0.0,0.9549,6473.61,6879.075,4913.3436,4974.1633,67.5775,0.0,0.0,208.474
2025-03-20,10:40-10:50,64,0.0,0.0,0.9839,6454.2353,7268.5137,4974.1633,5096.3051,135.7131,0.0,0.0,157.8021
2025-03-20,10:50-11:00,65,146.4459,878.6754,0.799,6352.336,7455.3554,5096.3051,5393.5593,330.2825,0.0,0.0,0.0
2025-03-20,11:00-11:10,66,990.1421,5940.8525,0.5025,6279.9,7263.0,5393.5593,6143.5593,833.3333,0.0,833.3333,0.0
2025-03-20,11:10-11:20,67,954.353,5726.1181,0.4662,6362.0436,7021.6679,6143.5593,6893.5593,833.3333,0.0,833.3333,0.0
2025-03-20,11:20-11:30,68,920.3466,5522.0796,0.5007,6393.8373,7052.8842,6893.5593,7643.5593,833.3333,0.0,833.3333,0.0
2025-03-20,11:30-11:40,69,908.0041,5448.0245,0.4827,6360.1,7317.5625,7643.5593,8393.5593,833.3333,0.0,833.3333,0.0
2025-03-20,11:40-11:50,70,886.1655,5316.9929,0.4785,6424.0276,7505.6333,8393.5593,9143.5593,833.3333,0.0,833.3333,0.0
2025-03-20,11:50-12:00,71,851.6261,5109.7565,0.4662,6379.6216,7635.0323,9143.5593,9893.5593,833.3333,0.0,833.3333,0.0
2025-03-20,12:00-12:10,72,822.2488,4933.493,0.4432,6168.32,7818.45,9893.5593,10643.5593,833.3333,0.0,833.3333,0.0
2025-03-20,12:10-12:20,73,815.3229,4891.9376,0.4411,5958.8116,8082.9395,10643.5593,10800.0,173.823,0.0,833.3333,0.0
2025-03-20,12:20-12:30,74,794.8093,4768.8557,0.4551,5855.2299,8090.5707,10800.0,10800.0,0.0,0.0,833.3333,0.0
2025-03-20,12:30-12:40,75,773.4658,4640.795,0.4463,5883.66,7709.3625,10800.0,10800.0,0.0,0.0,833.3333,0.0
2025-03-20,12:40-12:50,76,802.0231,4812.1386,0.4113,6006.2794,7205.256,10800.0,10800.0,0.0,0.0,833.3333,0.0
2025-03-20,12:50-13:00,77,836.6594,5019.9567,0.5682,6168.3548,7206.9442,10800.0,10800.0,0.0,0.0,833.3333,0.0
2025-03-20,13:00-13:10,78,36.5173,219.1035,0.8279,6351.38,7525.8,10800.0,10800.0,0.0,0.0,0.0,0.0
2025-03-20,13:10-13:20,79,0.0,0.0,0.8636,6510.6216,7339.075,10800.0,10800.0,0.0,0.0,0.0,98.1546
2025-03-20,13:20-13:30,80,128.3526,770.1155,0.8416,6358.8315,6900.6338,10800.0,10800.0,0.0,0.0,0.0,0.0
2025-03-20,13:30-13:40,81,0.0,0.0,0.8618,6039.3,6610.0125,10800.0,10800.0,0.0,0.0,0.0,113.2679
2025-03-20,13:40-13:50,82,0.0,0.0,0.8623,6028.9848,6642.1795,10800.0,10800.0,0.0,0.0,0.0,95.6283
2025-03-20,13:50-14:00,83,0.0,0.0,0.9026,6177.7813,6806.5377,10800.0,10800.0,0.0,0.0,0.0,69.4789
2025-03-20,14:00-14:10,84,0.0,0.0,0.9754,6280.02,6799.95,10800.0,10800.0,0.0,0.0,0.0,53.3278
2025-03-20,14:10-14:20,85,0.0,0.0,1.0002,6283.4823,6453.6137,10800.0,10800.0,0.0,0.0,0.0,81.8195
2025-03-20,14:20-14:30,86,0.0,0.0,0.9978,6314.912,6203.5886,10800.0,10779.3846,0.0,18.5539,0.0,107.3113
2025-03-20,14:30-14:40,87,0.0,0.0,1.0271,6352.79,6115.6875,10779.3846,10735.4767,0.0,39.5171,0.0,123.5421
2025-03-20,14:40-14:50,88,0.0,0.0,1.0906,6259.4213,5837.6616,10735.4767,10657.373,0.0,70.2933,0.0,170.6595
2025-03-20,14:50-15:00,89,0.0,0.0,0.9376,6190.1146,5431.9635,10657.373,10516.9747,0.0,126.3585,0.0,225.7786
2025-03-20,15:00-15:10,90,1100.8865,6605.3188,0.6694,6156.64,5072.775,10516.9747,10800.0,314.4726,0.0,833.3333,0.0
2025-03-20,15:10-15:20,91,1129.9791,6779.8747,0.66,6039.3659,4855.4545,10800.0,10800.0,0.0,0.0,833.3333,0.0
2025-03-20,15:20-15:30,92,329.5635,1977.3811,0.7217,6054.6789,4561.8383,10800.0,10800.0,0.0,0.0,0.0,0.0
2025-03-20,15:30-15:40,93,380.5795,2283.477,0.7308,6187.68,4146.825,10800.0,10800.0,0.0,0.0,0.0,0.0
2025-03-20,15:40-15:50,94,445.6456,2673.8736,0.7534,6195.3721,3778.6785,10800.0,10800.0,0.0,0.0,0.0,0.0
2025-03-20,15:50-16:00,95,475.1769,2851.0613,0.7823,6186.1376,3471.4229,10800.0,10800.0,0.0,0.0,0.0,0.0
2025-03-20,16:00-16:10,96,493.8229,2962.9372,0.8055,6200.17,3156.225,10800.0,10784.9986,0.0,13.5013,0.0,0.0
2025-03-20,16:10-16:20,97,575.8546,3455.1275,0.8271,6153.3743,2779.805,10784.9986,10797.2323,13.593,0.0,0.0,0.0
2025-03-20,16:20-16:30,98,655.0988,3930.5927,0.8519,6101.7592,2507.3559,10797.2323,10800.0,3.0752,0.0,0.0,0.0
2025-03-20,16:30-16:40,99,703.9524,4223.7142,0.8791,6118.95,2334.4125,10800.0,10800.0,0.0,0.0,0.0,-0.0
2025-03-20,16:40-16:50,100,759.2417,4555.4504,0.9024,6209.4949,2077.0816,10800.0,10800.0,0.0,0.0,0.0,-0.0
2025-03-20,16:50-17:00,101,817.7356,4906.4134,0.9163,6190.199,1733.8533,10800.0,10800.0,0.0,0.0,0.0,-0.0
2025-03-20,17:00-17:10,102,881.5135,5289.081,0.9264,6102.19,1377.7125,10800.0,10800.0,0.0,0.0,-0.0,0.0
2025-03-20,17:10-17:20,103,950.5697,5703.4184,0.9462,6143.2969,1083.9022,10800.0,10800.0,0.0,0.0,0.0,0.0
2025-03-20,17:20-17:30,104,958.1636,5748.9817,0.9742,6075.0134,831.8823,10800.0,10800.0,0.0,0.0,0.0,0.0
2025-03-20,17:30-17:40,105,961.4815,5768.889,0.9862,6025.68,597.3375,10800.0,10800.0,0.0,0.0,0.0,0.0
2025-03-20,17:40-17:50,106,1060.2641,6361.5848,0.976,6213.4416,374.8971,10800.0,10800.0,0.0,0.0,0.0,0.0
2025-03-20,17:50-18:00,107,979.3825,5876.2953,1.0742,5394.1467,156.1276,10800.0,10800.0,0.0,0.0,0.0,0.0
2025-03-20,18:00-18:10,108,759.4335,4556.601,1.2313,4094.12,0.0,10800.0,10800.0,0.0,0.0,0.0,-0.0
2025-03-20,18:10-18:20,109,732.2702,4393.6214,1.2561,4187.9837,0.0,10800.0,10800.0,0.0,0.0,0.0,-0.0
2025-03-20,18:20-18:30,110,761.9698,4571.8185,1.2447,4441.4267,5.5774,10800.0,10800.0,0.0,0.0,0.0,0.0
2025-03-20,18:30-18:40,111,754.1012,4524.6075,1.2545,4255.45,0.0,10800.0,10800.0,0.0,0.0,0.0,0.0
2025-03-20,18:40-18:50,112,761.9956,4571.9733,1.2522,4286.5369,0.0,10800.0,10800.0,0.0,0.0,0.0,0.0
2025-03-20,18:50-19:00,113,631.2347,3787.4084,1.2881,4470.2464,0.4004,10800.0,10673.6227,0.0,113.7396,0.0,127.9553
2025-03-20,19:00-19:10,114,0.0,0.0,1.3466,4579.24,0.0,10673.6227,9825.6153,0.0,763.2067,0.0,750.561
2025-03-20,19:10-19:20,115,0.0,0.0,1.3523,4480.3082,0.0,9825.6153,8995.9286,0.0,746.718,0.0,772.6329
2025-03-20,19:20-19:30,116,0.0,0.0,1.3445,4285.5618,0.0288,8995.9286,8202.3113,0.0,714.2555,0.0,778.358
2025-03-20,19:30-19:40,117,0.0,0.0,1.3483,4196.78,0.0,8202.3113,7425.1298,0.0,699.4633,0.0,775.418
2025-03-20,19:40-19:50,118,0.0,0.0,1.349,4330.8684,0.0,7425.1298,6623.1172,0.0,721.8114,0.0,813.4588
2025-03-20,19:50-20:00,119,0.0,0.0,1.3473,4370.9481,0.0021,6623.1172,5813.6827,0.0,728.491,0.0,810.3814
2025-03-20,20:00-20:10,120,0.0,0.0,1.3482,4358.21,0.0,5813.6827,5006.6068,0.0,726.3683,0.0,770.9747
2025-03-20,20:10-20:20,121,0.0,0.0,1.3513,4586.0191,0.0,5006.6068,4157.344,0.0,764.3365,0.0,780.4842
2025-03-20,20:20-20:30,122,0.0,0.0,1.34,4523.6629,0.0,4157.344,3319.6287,0.0,753.9438,0.0,768.2067
2025-03-20,20:30-20:40,123,0.0,0.0,1.3489,4215.37,0.0,3319.6287,2539.0046,0.0,702.5617,0.0,734.1898
2025-03-20,20:40-20:50,124,0.0,0.0,1.3952,4256.2469,0.0,2539.0046,1750.8107,0.0,709.3745,0.0,757.3792
2025-03-20,20:50-21:00,125,789.606,4737.6361,1.2226,4319.0159,0.0,1750.8107,1813.6038,69.77,0.0,0.0,-0.0
2025-03-20,21:00-21:10,126,784.8523,4709.1135,0.9332,4257.25,0.0,1813.6038,1881.3833,75.3106,0.0,0.0,0.0
2025-03-20,21:10-21:20,127,747.7863,4486.7178,0.9068,4290.2681,0.0,1881.3833,1910.8507,32.7416,0.0,0.0,0.0
2025-03-20,21:20-21:30,128,741.9632,4451.7792,0.9371,4418.7036,0.0,1910.8507,1915.8121,5.5126,0.0,0.0,0.0
2025-03-20,21:30-21:40,129,771.1515,4626.909,0.9371,4553.6,0.0,1915.8121,1926.8084,12.2182,0.0,0.0,0.0
2025-03-20,21:40-21:50,130,768.3636,4610.1819,0.9871,4526.2528,0.0,1926.8084,1939.3978,13.9882,0.0,0.0,-0.0
2025-03-20,21:50-22:00,131,684.8417,4109.0502,0.7764,4001.6252,0.0,1939.3978,1955.5115,17.9042,0.0,0.0,-0.0
2025-03-20,22:00-22:10,132,1418.9901,8513.9405,0.4209,3318.94,0.0,1955.5115,2705.5115,833.3333,0.0,833.3333,0.0
2025-03-20,22:10-22:20,133,1423.6084,8541.6505,0.3859,3233.4088,0.0,2705.5115,3455.5115,833.3333,0.0,833.3333,0.0
2025-03-20,22:20-22:30,134,1273.1461,7638.8764,0.4368,3319.971,0.0,3455.5115,4103.3473,719.8176,0.0,666.6667,0.0
2025-03-20,22:30-22:40,135,1425.1186,8550.7115,0.4198,3255.84,0.0,4103.3473,4853.3473,833.3333,0.0,833.3333,0.0
2025-03-20,22:40-22:50,136,1423.9851,8543.9106,0.4186,3144.1326,0.0,4853.3473,5603.3473,833.3333,0.0,833.3333,0.0
2025-03-20,22:50-23:00,137,1415.4395,8492.6367,0.4241,3161.8174,0.0,5603.3473,6353.3473,833.3333,0.0,833.3333,0.0
2025-03-20,23:00-23:10,138,1410.5113,8463.068,0.4237,3296.4,0.0,6353.3473,7103.3473,833.3333,0.0,833.3333,0.0
2025-03-20,23:10-23:20,139,1443.807,8662.8423,0.4248,3356.4081,0.0,7103.3473,7853.3473,833.3333,0.0,833.3333,0.0
2025-03-20,23:20-23:30,140,1450.2817,8701.6903,0.424,3261.7676,0.0,7853.3473,8603.3473,833.3333,0.0,833.3333,0.0
2025-03-20,23:30-23:40,141,1431.5656,8589.3935,0.422,3267.73,0.0,8603.3473,9353.3473,833.3333,0.0,833.3333,0.0
2025-03-20,23:40-23:50,142,1440.5406,8643.2435,0.424,3604.076,0.0,9353.3473,10103.3473,833.3333,0.0,833.3333,0.0
2025-03-20,23:50-0:00+1,143,1374.0969,8244.5816,0.4271,3245.8691,0.0,10103.3473,10800.0,774.0585,0.0,833.3333,0.0
2025-03-20,0:00+1-0:10+1,144,1260.3876,7562.3255,0.4276,2401.0,0.0,10800.0,10800.0,0.0,0.0,833.3333,0.0
2025-06-21,0:10-0:20,1,576.1386,3456.8317,0.4248,3087.9838,0.0,10800.0,10800.0,0.0,0.0,0.0,0.0
2025-06-21,0:20-0:30,2,568.3583,3410.1501,0.4245,3200.0919,0.0,10800.0,10800.0,0.0,0.0,0.0,0.0
2025-06-21,0:30-0:40,3,548.6985,3292.191,0.4269,3401.46,0.0,10800.0,10779.765,0.0,18.2115,0.0,0.0
2025-06-21,0:40-0:50,4,550.3565,3302.139,0.4272,3063.5261,0.0,10779.765,10800.0,22.4833,0.0,0.0,-0.0
2025-06-21,0:50-1:00,5,558.1374,3348.8244,0.4271,2820.2572,0.0,10800.0,10800.0,0.0,0.0,0.0,0.0
2025-06-21,1:00-1:10,6,558.5755,3351.453,0.4285,2883.38,0.0,10800.0,10800.0,0.0,0.0,0.0,-0.0
2025-06-21,1:10-1:20,7,549.7298,3298.3785,0.4311,2869.9796,0.0,10800.0,10800.0,0.0,0.0,0.0,-0.0
2025-06-21,1:20-1:30,8,521.2009,3127.2051,0.4302,2985.8287,0.0,10800.0,10800.0,0.0,0.0,0.0,0.0
2025-06-21,1:30-1:40,9,500.493,3002.958,0.4279,3164.18,0.0,10800.0,10770.1441,0.0,26.8703,0.0,0.0
2025-06-21,1:40-1:50,10,523.498,3140.9877,0.4312,3064.8457,0.0,10770.1441,10781.5654,12.6903,0.0,0.0,-0.0
2025-06-21,1:50-2:00,11,505.1286,3030.7715,0.4333,2954.0459,0.0,10781.5654,10793.0742,12.7876,0.0,0.0,-0.0
2025-06-21,2:00-2:10,12,469.8015,2818.809,0.4311,2994.62,0.0,10793.0742,10760.5166,0.0,29.3018,0.0,0.0
2025-06-21,2:10-2:20,13,521.8279,3130.9677,0.4293,3072.4014,0.0,10760.5166,10769.3016,9.761,0.0,0.0,0.0
2025-06-21,2:20-2:30,14,532.0536,3192.3214,0.4324,3013.1015,0.0,10769.3016,10796.1846,29.87,0.0,0.0,0.0
2025-06-21,2:30-2:40,15,0.0,0.0,0.4367,2838.75,0.0,10796.1846,10270.4901,0.0,473.125,0.0,486.9568
2025-06-21,2:40-2:50,16,500.7456,3004.4736,0.4348,2749.9199,0.0,10270.4901,10308.6732,42.4256,0.0,0.0,0.0
2025-06-21,2:50-3:00,17,501.0755,3006.4532,0.4335,2820.5847,0.0,10308.6732,10336.5534,30.9781,0.0,0.0,0.0
2025-06-21,3:00-3:10,18,0.0,0.0,0.4357,2936.24,0.0,10336.5534,9792.8053,0.0,489.3733,0.0,473.6795
2025-06-21,3:10-3:20,19,0.0,0.0,0.4374,2920.1894,0.0012,9792.8053,9252.0297,0.0,486.698,0.0,484.314
2025-06-21,3:20-3:30,20,0.0,0.0,0.4371,2951.0328,0.0,9252.0297,8705.5421,0.0,491.8388,0.0,494.6521
2025-06-21,3:30-3:40,21,121.9979,731.9875,0.4356,2977.51,0.0,8705.5421,8289.7046,0.0,374.2538,0.0,371.7436
2025-06-21,3:40-3:50,22,511.6092,3069.655,0.4353,2780.298,0.0162,8289.7046,8333.1106,48.2289,0.0,0.0,0.0
2025-06-21,3:50-4:00,23,0.0,0.0,0.436,2728.3059,0.0,8333.1106,7827.8688,0.0,454.7176,0.0,524.4203
2025-06-21,4:00-4:10,24,0.0,0.0,0.4378,2862.19,0.0,7827.8688,7297.8336,0.0,477.0317,0.0,505.015
2025-06-21,4:10-4:20,25,0.0,0.0,0.4401,2845.9182,0.2263,7297.8336,6770.8536,0.0,474.282,0.0,456.4667
2025-06-21,4:20-4:30,26,0.0,0.0,0.4389,2748.951,0.0,6770.8536,6261.7886,0.0,458.1585,0.0,455.3943
2025-06-21,4:30-4:40,27,0.0,0.0,0.4364,2677.31,0.0,6261.7886,5765.9905,0.0,446.2183,0.0,489.9808
2025-06-21,4:40-4:50,28,0.0,0.0,0.4393,2660.8713,3.1516,5765.9905,5273.8202,0.0,442.9533,0.0,475.4346
2025-06-21,4:50-5:00,29,0.0,0.0,0.4422,2702.3205,0.0,5273.8202,4773.3904,0.0,450.3867,0.0,462.2135
2025-06-21,5:00-5:10,30,0.0,0.0,0.4395,2732.32,7.275,4773.3904,4268.7525,0.0,454.1742,0.0,460.166
2025-06-21,5:10-5:20,31,415.5548,2493.3289,0.4333,2664.7178,116.7655,4268.7525,4258.637,0.0,9.1039,0.0,0.0
2025-06-21,5:20-5:30,32,0.0,0.0,0.4439,2606.871,263.9703,4258.637,3824.7665,0.0,390.4835,0.0,397.7423
2025-06-21,5:30-5:40,33,410.4538,2462.7225,0.4301,2642.15,417.075,3824.7665,3860.4137,39.6079,0.0,0.0,0.0
2025-06-21,5:40-5:50,34,385.0338,2310.203,0.3713,2745.0641,587.5961,3860.4137,3883.3239,25.4558,0.0,0.0,0.0
2025-06-21,5:50-6:00,35,0.0,0.0,0.5708,2758.042,735.8325,3883.3239,3508.8407,0.0,337.0349,0.0,337.876
2025-06-21,6:00-6:10,36,0.0,0.0,0.9099,2741.64,890.7,3508.8407,3166.074,0.0,308.49,0.0,297.1045
2025-06-21,6:10-6:20,37,0.0,0.0,0.9368,2888.7304,1136.9554,3166.074,2841.6712,0.0,291.9625,0.0,270.4476
2025-06-21,6:20-6:30,38,0.0,0.0,0.8758,2932.231,1453.4028,2841.6712,2567.8142,0.0,246.4714,0.0,228.0944
2025-06-21,6:30-6:40,39,0.0,0.0,0.8759,2764.02,1765.9125,2567.8142,2382.9794,0.0,166.3512,0.0,171.8579
2025-06-21,6:40-6:50,40,0.0,0.0,0.8601,2606.6137,2022.3026,2382.9794,2274.7737,0.0,97.3852,0.0,139.7665
2025-06-21,6:50-7:00,41,0.0,0.0,0.8442,2867.7649,2350.4923,2274.7737,2178.9824,0.0,86.2121,0.0,149.2658
2025-06-21,7:00-7:10,42,0.0,0.0,0.8334,3304.27,2699.25,2178.9824,2066.9417,0.0,100.8367,0.0,169.5785
2025-06-21,7:10-7:20,43,0.0,0.0,0.8092,3254.3169,2874.6231,2066.9417,1996.628,0.0,63.2823,0.0,146.6178
2025-06-21,7:20-7:30,44,0.0,0.0,0.7972,3137.5948,3006.0287,1996.628,1972.2639,0.0,21.9277,0.0,102.7997
2025-06-21,7:30-7:40,45,0.0,0.0,0.7644,3174.85,3224.8875,1972.2639,1979.7696,8.3396,0.0,0.0,62.5809
2025-06-21,7:40-7:50,46,0.0,0.0,0.6899,3159.7263,3537.527,1979.7696,2036.4397,62.9668,0.0,0.0,25.831
2025-06-21,7:50-8:00,47,0.0,0.0,0.86,3087.5763,3785.3986,2036.4397,2141.113,116.3037,0.0,-0.0,0.0
2025-06-21,8:00-8:10,48,0.0,0.0,1.1617,3062.36,4003.425,2141.113,2282.2728,156.8442,0.0,-0.0,0.0
2025-06-21,8:10-8:20,49,0.0,0.0,1.1683,3162.0197,4334.7324,2282.2728,2458.1797,195.4521,0.0,0.0,0.0
2025-06-21,8:20-8:30,50,0.0,0.0,1.0956,3160.9922,4441.8035,2458.1797,2650.3014,213.4685,0.0,0.0,0.0
2025-06-21,8:30-8:40,51,0.0,0.0,1.0849,3037.59,4358.7,2650.3014,2848.4679,220.185,0.0,0.0,0.0
2025-06-21,8:40-8:50,52,0.0,0.0,1.061,3030.9974,4479.895,2848.4679,3065.8025,241.4829,0.0,0.0,0.0
2025-06-21,8:50-9:00,53,0.0,0.0,1.043,3289.939,4668.5166,3065.8025,3272.5892,229.7629,0.0,-0.0,0.0
2025-06-21,9:00-9:10,54,0.0,0.0,1.036,3650.62,4746.075,3272.5892,3436.9074,182.5758,0.0,-0.0,0.0
2025-06-21,9:10-9:20,55,0.0,0.0,1.0147,3785.9011,4746.9534,3436.9074,3581.0652,160.1754,0.0,0.0,0.0
2025-06-21,9:20-9:30,56,0.0,0.0,0.9922,3849.6183,5139.4381,3581.0652,3774.5382,214.97,0.0,-0.0,0.0
2025-06-21,9:30-9:40,57,0.0,0.0,0.97,3824.6,5794.3125,3774.5382,4069.9951,328.2854,0.0,-0.0,0.0
2025-06-21,9:40-9:50,58,0.0,0.0,0.9422,3582.3586,6109.068,4069.9951,4449.0015,421.1182,0.0,-0.0,0.0
2025-06-21,9:50-10:00,59,0.0,0.0,0.9569,3687.9447,6385.1018,4449.0015,4853.5751,449.5262,0.0,260.7308,0.0
2025-06-21,10:00-10:10,60,0.0,0.0,0.9977,4000.14,6643.5375,4853.5751,5250.0847,440.5663,0.0,347.249,0.0
2025-06-21,10:10-10:20,61,0.0,0.0,0.9919,3826.1041,6589.8893,5250.0847,5664.6525,460.6309,0.0,359.8922,0.0
2025-06-21,10:20-10:30,62,0.0,0.0,0.9588,3761.4976,6695.6004,5664.6525,6104.7679,489.0171,0.0,434.4559,0.0
2025-06-21,10:30-10:40,63,0.0,0.0,0.9549,3901.91,7000.9875,6104.7679,6569.6295,516.5129,0.0,509.243,0.0
2025-06-21,10:40-10:50,64,0.0,0.0,0.9839,3726.7535,7093.8409,6569.6295,7074.6926,561.1812,0.0,492.6578,0.0
2025-06-21,10:50-11:00,65,0.0,0.0,0.799,3565.5609,7243.1188,7074.6926,7626.3263,612.9263,0.0,427.9526,0.0
2025-06-21,11:00-11:10,66,0.0,0.0,0.5025,3679.21,7400.1,7626.3263,8184.4598,620.1483,0.0,366.3625,0.0
2025-06-21,11:10-11:20,67,0.0,0.0,0.4662,3945.6166,7306.5816,8184.4598,8688.6046,560.1608,0.0,333.369,0.0
2025-06-21,11:20-11:30,68,0.0,0.0,0.5007,3900.6403,7782.8954,8688.6046,9270.9428,647.0425,0.0,354.136,0.0
2025-06-21,11:30-11:40,69,0.0,0.0,0.4827,3645.76,8490.225,9270.9428,9997.6126,807.4108,0.0,385.2039,0.0
2025-06-21,11:40-11:50,70,0.0,0.0,0.4785,3705.1427,8180.7164,9997.6126,10668.9486,745.929,0.0,352.706,0.0
2025-06-21,11:50-12:00,71,0.0,0.0,0.4662,3724.3133,7677.6706,10668.9486,10800.0,145.6126,0.0,331.7173,0.0
2025-06-21,12:00-12:10,72,0.0,0.0,0.4432,3631.08,7665.1125,10800.0,10800.0,0.0,0.0,326.858,0.0
2025-06-21,12:10-12:20,73,0.0,0.0,0.4411,3735.5415,8044.2631,10800.0,10800.0,0.0,0.0,279.3669,0.0
2025-06-21,12:20-12:30,74,0.0,0.0,0.4551,3852.2352,8300.9755,10800.0,10800.0,0.0,0.0,304.0143,0.0
2025-06-21,12:30-12:40,75,0.0,0.0,0.4463,3928.56,8383.0125,10800.0,10800.0,0.0,0.0,407.092,0.0
2025-06-21,12:40-12:50,76,0.0,0.0,0.4113,4059.9044,8605.7877,10800.0,10800.0,0.0,0.0,467.5165,0.0
2025-06-21,12:50-13:00,77,0.0,0.0,0.5682,3912.5928,8542.7209,10800.0,10800.0,0.0,0.0,467.1404,0.0
2025-06-21,13:00-13:10,78,0.0,0.0,0.8279,3688.01,8049.6,10800.0,10800.0,0.0,0.0,420.2861,0.0
2025-06-21,13:10-13:20,79,0.0,0.0,0.8636,3910.4683,7493.4162,10800.0,10800.0,0.0,0.0,354.4042,0.0
2025-06-21,13:20-13:30,80,0.0,0.0,0.8416,3862.6154,7354.9231,10800.0,10800.0,0.0,0.0,325.9161,0.0
2025-06-21,13:30-13:40,81,0.0,0.0,0.8618,3589.29,7340.8875,10800.0,10800.0,0.0,0.0,322.7936,0.0
2025-06-21,13:40-13:50,82,0.0,0.0,0.8623,3849.2221,6714.7449,10800.0,10800.0,0.0,0.0,284.622,0.0
2025-06-21,13:50-14:00,83,0.0,0.0,0.9026,3978.2382,6127.755,10800.0,10800.0,0.0,0.0,257.6278,0.0
2025-06-21,14:00-14:10,84,0.0,0.0,0.9754,3861.85,5956.2,10800.0,10800.0,0.0,0.0,261.7965,0.0
2025-06-21,14:10-14:20,85,0.0,0.0,1.0002,4047.8905,5941.7978,10800.0,10800.0,0.0,0.0,266.9682,0.0
2025-06-21,14:20-14:30,86,0.0,0.0,0.9978,4095.2281,5827.294,10800.0,10800.0,0.0,0.0,257.6007,0.0
2025-06-21,14:30-14:40,87,0.0,0.0,1.0271,4007.39,5738.1375,10800.0,10800.0,0.0,0.0,228.4704,0.0
2025-06-21,14:40-14:50,88,0.0,0.0,1.0906,4227.0513,5964.2607,10800.0,10800.0,0.0,0.0,182.5876,0.0
2025-06-21,14:50-15:00,89,0.0,0.0,0.9376,4182.4486,5979.2451,10800.0,10800.0,0.0,0.0,131.4687,0.0
2025-06-21,15:00-15:10,90,0.0,0.0,0.6694,3879.68,5680.4625,10800.0,10800.0,0.0,0.0,85.6091,0.0
2025-06-21,15:10-15:20,91,0.0,0.0,0.66,3916.2335,5457.1539,10800.0,10800.0,0.0,0.0,51.1169,0.0
2025-06-21,15:20-15:30,92,0.0,0.0,0.7217,3924.3398,5153.0688,10800.0,10800.0,0.0,0.0,27.7348,0.0
2025-06-21,15:30-15:40,93,12.1975,73.185,0.7308,3875.5,4811.1,10800.0,10800.0,0.0,0.0,0.0,-0.0
2025-06-21,15:40-15:50,94,93.3911,560.3465,0.7534,4137.0155,4680.9532,10800.0,10800.0,0.0,0.0,0.0,-0.0
2025-06-21,15:50-16:00,95,130.9482,785.6894,0.7823,4317.2602,4481.2341,10800.0,10800.0,0.0,0.0,0.0,-0.0
2025-06-21,16:00-16:10,96,139.1066,834.6398,0.8055,4217.43,4055.4,10800.0,10800.0,0.0,0.0,0.0,-0.0
2025-06-21,16:10-16:20,97,206.7151,1240.2905,0.8271,4034.2858,3562.8565,10800.0,10800.0,0.0,0.0,0.0,-0.0
2025-06-21,16:20-16:30,98,222.2499,1333.4993,0.8519,3980.7146,3361.4888,10800.0,10800.0,0.0,0.0,0.0,-0.0
2025-06-21,16:30-16:40,99,215.3786,1292.2717,0.8791,4042.02,3406.575,10800.0,10800.0,0.0,0.0,0.0,0.0
2025-06-21,16:40-16:50,100,318.87,1913.2201,0.9024,3983.774,3291.2298,10800.0,10800.0,0.0,0.0,0.0,0.0
2025-06-21,16:50-17:00,101,320.9257,1925.5541,0.9163,3621.8931,2964.175,10800.0,10800.0,0.0,0.0,0.0,0.0
2025-06-21,17:00-17:10,102,234.0914,1404.5483,0.9264,3240.3,2623.6125,10800.0,10800.0,0.0,0.0,0.0,-0.0
2025-06-21,17:10-17:20,103,290.4972,1742.983,0.9462,3335.0072,2479.2426,10800.0,10800.0,0.0,0.0,0.0,-0.0
2025-06-21,17:20-17:30,104,357.1575,2142.945,0.9742,3462.6248,2185.8548,10800.0,10800.0,0.0,0.0,0.0,-0.0
2025-06-21,17:30-17:40,105,364.7315,2188.389,0.9862,3484.27,1750.4625,10800.0,10800.0,0.0,0.0,0.0,0.0
2025-06-21,17:40-17:50,106,384.3604,2306.1625,0.976,3649.2081,1528.3871,10800.0,10800.0,0.0,0.0,-0.0,0.0
2025-06-21,17:50-18:00,107,416.1614,2496.9687,1.0742,3604.3529,1310.4274,10800.0,10800.0,0.0,0.0,0.0,0.0
2025-06-21,18:00-18:10,108,451.7126,2710.2757,1.2313,3349.51,1034.1,10800.0,10800.0,0.0,0.0,0.0,-0.0
2025-06-21,18:10-18:20,109,0.0,0.0,1.2561,3274.4828,860.3286,10800.0,10352.9344,0.0,402.359,0.0,490.9437
2025-06-21,18:20-18:30,110,524.0572,3144.343,1.2447,3297.0032,677.2547,10352.9344,10431.6236,87.4324,0.0,0.0,0.0
2025-06-21,18:30-18:40,111,192.555,1155.3299,1.2545,3342.79,452.7,10431.6236,10110.3717,0.0,289.1267,0.0,361.9448
2025-06-21,18:40-18:50,112,593.6416,3561.8496,1.2522,3456.8314,276.0564,10110.3717,10167.5329,63.5124,0.0,0.0,0.0
2025-06-21,18:50-19:00,113,0.0,0.0,1.2881,3634.5648,121.8367,10167.5329,9517.0277,0.0,585.4547,0.0,622.5654
2025-06-21,19:00-19:10,114,0.0,0.0,1.3466,3852.72,7.7625,9517.0277,8804.9985,0.0,640.8262,0.0,642.0103
2025-06-21,19:10-19:20,115,0.0,0.0,1.3523,4004.9442,0.0,8804.9985,8063.3422,0.0,667.4907,0.0,666.2212
2025-06-21,19:20-19:30,116,0.0,0.0,1.3445,3706.7434,3.2619,8063.3422,7377.5123,0.0,617.2469,0.0,669.6824
2025-06-21,19:30-19:40,117,0.0,0.0,1.3483,3293.48,0.0,7377.5123,6767.6086,0.0,548.9133,0.0,645.134
2025-06-21,19:40-19:50,118,0.0,0.0,1.349,3492.5254,0.0,6767.6086,6120.8446,0.0,582.0876,0.0,624.6877
2025-06-21,19:50-20:00,119,0.0,0.0,1.3473,3490.6667,0.2342,6120.8446,5474.4682,0.0,581.7387,0.0,607.397
2025-06-21,20:00-20:10,120,0.0,0.0,1.3482,3189.62,0.0,5474.4682,4883.7979,0.0,531.6033,0.0,613.7145
2025-06-21,20:10-20:20,121,0.0,0.0,1.3513,3348.2366,0.0,4883.7979,4263.754,0.0,558.0394,0.0,666.738
2025-06-21,20:20-20:30,122,0.0,0.0,1.34,3725.2052,0.0168,4263.754,3573.9043,0.0,620.8647,0.0,680.9203
2025-06-21,20:30-20:40,123,0.0,0.0,1.3489,3960.13,0.0,3573.9043,2840.5469,0.0,660.0217,0.0,659.855
2025-06-21,20:40-20:50,124,0.0,0.0,1.3952,3881.8245,0.0,2840.5469,2121.6905,0.0,646.9707,0.0,688.1857
2025-06-21,20:50-21:00,125,710.208,4261.2481,1.2226,3513.6729,0.0012,2121.6905,2233.827,124.5961,0.0,0.0,-0.0
2025-06-21,21:00-21:10,126,685.7847,4114.7085,0.9332,3160.32,0.0,2233.827,2376.9853,159.0647,0.0,0.0,0.0
2025-06-21,21:10-21:20,127,632.4517,3794.7101,0.9068,3214.7106,0.0,2376.9853,2463.9852,96.6666,0.0,-0.0,0.0
2025-06-21,21:20-21:30,128,589.8886,3539.3317,0.9371,3489.1029,0.0,2463.9852,2471.5195,8.3715,0.0,0.0,0.0
2025-06-21,21:30-21:40,129,584.9515,3509.709,0.9371,3713.49,0.0,2471.5195,2433.7823,0.0,33.9635,0.0,0.0
2025-06-21,21:40-21:50,130,611.4291,3668.5745,0.9871,3715.4477,0.0,2433.7823,2425.1021,0.0,7.8122,0.0,0.0
2025-06-21,21:50-22:00,131,605.6088,3633.6529,0.7764,3460.6768,0.0,2425.1021,2451.0485,28.8293,0.0,0.0,-0.0
2025-06-21,22:00-22:10,132,1405.1353,8430.812,0.4209,3169.68,0.0,2451.0485,3201.0485,833.3333,0.0,833.3333,0.0
2025-06-21,22:10-22:20,133,1404.0606,8424.3637,0.3859,3161.2424,0.0,3201.0485,3951.0485,833.3333,0.0,833.3333,0.0
2025-06-21,22:20-22:30,134,1229.8464,7379.0784,0.4368,3268.4465,0.0,3951.0485,4567.6433,685.1053,0.0,666.6667,0.0
2025-06-21,22:30-22:40,135,1391.6166,8349.6995,0.4198,3317.19,0.0,4567.6433,5317.6433,833.3333,0.0,833.3333,0.0
2025-06-21,22:40-22:50,136,1441.102,8646.6121,0.4186,3281.0391,0.0,5317.6433,6067.6433,833.3333,0.0,833.3333,0.0
2025-06-21,22:50-23:00,137,1472.7705,8836.6232,0.4241,3250.7574,0.0,6067.6433,6817.6433,833.3333,0.0,833.3333,0.0
2025-06-21,23:00-23:10,138,1439.3986,8636.3915,0.4237,3190.39,0.0,6817.6433,7567.6433,833.3333,0.0,833.3333,0.0
2025-06-21,23:10-23:20,139,1366.817,8200.9019,0.4248,2998.9363,0.0,7567.6433,8317.6433,833.3333,0.0,833.3333,0.0
2025-06-21,23:20-23:30,140,1341.8116,8050.8694,0.424,2920.9743,0.0,8317.6433,9067.6433,833.3333,0.0,833.3333,0.0
2025-06-21,23:30-23:40,141,1370.9228,8225.537,0.422,2989.3,0.0,9067.6433,9817.6433,833.3333,0.0,833.3333,0.0
2025-06-21,23:40-23:50,142,1392.1548,8352.9288,0.424,3024.571,0.0,9817.6433,10567.6433,833.3333,0.0,833.3333,0.0
2025-06-21,23:50-0:00+1,143,1445.4521,8672.7124,0.4271,3193.3141,0.0,10567.6433,10800.0,258.1741,0.0,833.3333,0.0
2025-06-21,0:00+1-0:10+1,144,1520.9748,9125.849,0.4276,3636.14,0.0,10800.0,10800.0,0.0,0.0,833.3333,0.0
2025-09-23,0:10-0:20,1,689.0005,4134.0031,0.4248,3421.106,0.0,10800.0,10800.0,0.0,0.0,0.0,-0.0
2025-09-23,0:20-0:30,2,700.0703,4200.4218,0.4245,3361.9091,0.0,10800.0,10800.0,0.0,0.0,0.0,0.0
2025-09-23,0:30-0:40,3,656.488,3938.928,0.4269,3388.6,0.0,10800.0,10800.0,0.0,0.0,0.0,-0.0
2025-09-23,0:40-0:50,4,618.062,3708.3723,0.4272,3591.0535,0.0,10800.0,10800.0,0.0,0.0,0.0,-0.0
2025-09-23,0:50-1:00,5,601.42,3608.52,0.4271,3639.0639,0.0,10800.0,10794.3437,0.0,5.0907,0.0,0.0
2025-09-23,1:00-1:10,6,604.5445,3627.267,0.4285,3538.62,0.0,10794.3437,10800.0,6.2848,0.0,0.0,-0.0
2025-09-23,1:10-1:20,7,615.5166,3693.0997,0.4311,3584.1201,0.0,10800.0,10800.0,0.0,0.0,0.0,0.0
2025-09-23,1:20-1:30,8,612.0677,3672.4064,0.4302,3479.83,0.0,10800.0,10800.0,0.0,0.0,0.0,0.0
2025-09-23,1:30-1:40,9,598.9795,3593.877,0.4279,3316.08,0.0,10800.0,10800.0,0.0,0.0,0.0,0.0
2025-09-23,1:40-1:50,10,604.9917,3629.9502,0.4312,3504.3201,0.0,10800.0,10800.0,0.0,0.0,0.0,0.0
2025-09-23,1:50-2:00,11,634.9013,3809.4079,0.4333,3611.1697,0.0,10800.0,10800.0,0.0,0.0,0.0,0.0
2025-09-23,2:00-2:10,12,652.3597,3914.1585,0.4311,3543.64,0.0,10800.0,10800.0,0.0,0.0,0.0,0.0
2025-09-23,2:10-2:20,13,616.128,3696.768,0.4293,3627.3783,0.0,10800.0,10800.0,0.0,0.0,0.0,0.0
2025-09-23,2:20-2:30,14,601.3094,3607.8562,0.4324,3646.7973,0.0,10800.0,10792.7887,0.0,6.4902,0.0,0.0
2025-09-23,2:30-2:40,15,634.2962,3805.7775,0.4367,3569.92,0.0,10792.7887,10800.0,8.0126,0.0,0.0,0.0
2025-09-23,2:40-2:50,16,664.9447,3989.6682,0.4348,3591.0744,0.0,10800.0,10800.0,0.0,0.0,0.0,0.0
2025-09-23,2:50-3:00,17,652.7369,3916.4216,0.4335,3523.6786,0.0,10800.0,10800.0,0.0,0.0,0.0,0.0
2025-09-23,3:00-3:10,18,629.895,3779.37,0.4357,3402.03,0.0,10800.0,10800.0,0.0,0.0,0.0,0.0
2025-09-23,3:10-3:20,19,659.1967,3955.18,0.4374,3470.8796,0.0,10800.0,10800.0,0.0,0.0,0.0,0.0
2025-09-23,3:20-3:30,20,653.2011,3919.2067,0.4371,3546.3118,0.0,10800.0,10800.0,0.0,0.0,0.0,0.0
2025-09-23,3:30-3:40,21,610.253,3661.518,0.4356,3521.1,0.0,10800.0,10800.0,0.0,0.0,0.0,0.0
2025-09-23,3:40-3:50,22,619.9144,3719.4866,0.4353,3493.0415,0.0,10800.0,10800.0,0.0,0.0,0.0,0.0
2025-09-23,3:50-4:00,23,642.5004,3855.0024,0.436,3616.52,0.0,10800.0,10800.0,0.0,0.0,0.0,0.0
2025-09-23,4:00-4:10,24,656.9237,3941.5425,0.4378,3738.77,0.0,10800.0,10800.0,0.0,0.0,0.0,0.0
2025-09-23,4:10-4:20,25,680.3269,4081.9613,0.4401,3573.138,0.0019,10800.0,10800.0,0.0,0.0,0.0,0.0
2025-09-23,4:20-4:30,26,676.3554,4058.1325,0.4389,3548.8256,0.0,10800.0,10800.0,0.0,0.0,0.0,0.0
2025-09-23,4:30-4:40,27,655.641,3933.846,0.4364,3696.43,0.0,10800.0,10800.0,0.0,0.0,0.0,0.0
2025-09-23,4:40-4:50,28,664.9774,3989.8642,0.4393,3629.4046,0.0268,10800.0,10800.0,0.0,0.0,0.0,0.0
2025-09-23,4:50-5:00,29,655.095,3930.5699,0.4422,3602.4949,0.0,10800.0,10800.0,0.0,0.0,0.0,0.0
2025-09-23,5:00-5:10,30,620.9298,3725.5785,0.4395,3708.74,0.0,10800.0,10800.0,0.0,0.0,0.0,0.0
2025-09-23,5:10-5:20,31,614.3364,3686.0184,0.4333,3751.3647,0.3731,10800.0,10787.9679,0.0,10.8289,0.0,0.0
2025-09-23,5:20-5:30,32,637.9939,3827.9633,0.4439,3689.4488,0.0,10787.9679,10800.0,13.369,0.0,0.0,0.0
2025-09-23,5:30-5:40,33,651.707,3910.242,0.4301,3557.68,0.0,10800.0,10800.0,0.0,0.0,0.0,0.0
2025-09-23,5:40-5:50,34,626.8947,3761.3681,0.3713,3509.0644,5.1961,10800.0,10800.0,0.0,0.0,-0.0,0.0
2025-09-23,5:50-6:00,35,691.9703,4151.8217,0.5708,4001.4806,0.0,10800.0,10800.0,0.0,0.0,0.0,-0.0
2025-09-23,6:00-6:10,36,0.0,0.0,0.9099,4743.74,0.0,10800.0,9921.5296,0.0,790.6233,0.0,808.6024
2025-09-23,6:10-6:20,37,0.0,0.0,0.9368,4911.4158,148.7833,9921.5296,9039.5606,0.0,793.7721,0.0,797.2246
2025-09-23,6:20-6:30,38,0.0,0.0,0.8758,4831.9735,376.0146,9039.5606,8214.3831,0.0,742.6598,0.0,732.5952
2025-09-23,6:30-6:40,39,0.0,0.0,0.8759,4792.2,649.3875,8214.3831,7447.1956,0.0,690.4688,0.0,681.7116
2025-09-23,6:40-6:50,40,0.0,0.0,0.8601,4757.3085,973.8044,7447.1956,6746.5467,0.0,630.584,0.0,637.7653
2025-09-23,6:50-7:00,41,0.0,0.0,0.8442,4755.1526,1245.8597,6746.5467,6096.6776,0.0,584.8822,0.0,593.2017
2025-09-23,7:00-7:10,42,0.0,0.0,0.8334,4789.05,1511.775,6096.6776,5489.7748,0.0,546.2125,0.0,541.0256
2025-09-23,7:10-7:20,43,0.0,0.0,0.8092,4816.282,1907.945,5489.7748,4951.1939,0.0,484.7228,0.0,481.3191
2025-09-23,7:20-7:30,44,0.0,0.0,0.7972,4786.2179,2234.3678,4951.1939,4478.6291,0.0,425.3083,0.0,440.1714
2025-09-23,7:30-7:40,45,267.6507,1605.9043,0.7644,4660.51,2492.5875,4478.6291,4374.5516,0.0,93.6697,0.0,124.372
2025-09-23,7:40-7:50,46,306.3814,1838.2885,0.6899,4606.8822,2894.0726,4374.5516,4393.3735,20.9132,0.0,0.0,0.0
2025-09-23,7:50-8:00,47,0.0,0.0,0.86,5489.8417,3343.4604,4393.3735,3995.8954,0.0,357.7302,0.0,353.5573
2025-09-23,8:00-8:10,48,0.0,0.0,1.1617,6701.06,3753.1125,3995.8954,3449.9792,0.0,491.3246,0.0,479.8894
2025-09-23,8:10-8:20,49,0.0,0.0,1.1683,6664.9869,4119.6249,3449.9792,2978.6159,0.0,424.227,0.0,445.7562
2025-09-23,8:20-8:30,50,0.0,0.0,1.0956,6469.7028,4427.9049,2978.6159,2600.5052,0.0,340.2996,0.0,361.7197
2025-09-23,8:30-8:40,51,0.0,0.0,1.0849,6635.97,4698.6375,2600.5052,2241.7399,0.0,322.8888,0.0,310.2671
2025-09-23,8:40-8:50,52,0.0,0.0,1.061,6600.0815,4997.093,2241.7399,1944.8902,0.0,267.1648,0.0,259.1043
2025-09-23,8:50-9:00,53,0.0,0.0,1.043,6462.4233,5400.3214,1944.8902,1748.2046,0.0,177.017,0.0,192.9897
2025-09-23,9:00-9:10,54,0.0,0.0,1.036,6427.57,5807.85,1748.2046,1633.4417,0.0,103.2867,0.0,139.0918
2025-09-23,9:10-9:20,55,0.0,0.0,1.0147,6551.7343,6020.5511,1633.4417,1535.0744,0.0,88.5305,0.0,133.8149
2025-09-23,9:20-9:30,56,0.0,0.0,0.9922,6611.8297,6159.4673,1535.0744,1451.3036,0.0,75.3937,0.0,105.9108
2025-09-23,9:30-9:40,57,0.0,0.0,0.97,6584.42,6306.2625,1451.3036,1399.793,0.0,46.3596,0.0,19.9097
2025-09-23,9:40-9:50,58,0.0,0.0,0.9422,6627.8893,6423.4053,1399.793,1361.9256,0.0,34.0807,82.3997,0.0
2025-09-23,9:50-10:00,59,0.0,0.0,0.9569,6567.1756,6483.305,1361.9256,1346.394,0.0,13.9784,108.3639,0.0
2025-09-23,10:00-10:10,60,0.0,0.0,0.9977,6455.96,6487.7625,1346.394,1351.1643,5.3004,0.0,84.805,0.0
2025-09-23,10:10-10:20,61,0.0,0.0,0.9919,6527.0912,6506.7574,1351.1643,1347.3988,0.0,3.389,128.8794,0.0
2025-09-23,10:20-10:30,62,0.0,0.0,0.9588,6488.4499,6763.9313,1347.3988,1388.721,45.9136,0.0,193.8162,0.0
2025-09-23,10:30-10:40,63,0.0,0.0,0.9549,6336.11,7139.7,1388.721,1509.2595,133.9317,0.0,207.0058,0.0
2025-09-23,10:40-10:50,64,0.0,0.0,0.9839,6376.9432,7257.6775,1509.2595,1641.3697,146.7891,0.0,149.6245,0.0
2025-09-23,10:50-11:00,65,0.0,0.0,0.799,6473.6947,7240.5731,1641.3697,1756.4014,127.8131,0.0,144.6292,0.0
2025-09-23,11:00-11:10,66,0.0,0.0,0.5025,6470.56,7359.675,1756.4014,1889.7687,148.1858,0.0,190.7141,0.0
2025-09-23,11:10-11:20,67,660.0703,3960.4218,0.4662,6357.1346,7784.7849,1889.7687,2639.7687,833.3333,0.0,833.3333,0.0
2025-09-23,11:20-11:30,68,156.6493,939.896,0.5007,6310.6975,8209.6886,2639.7687,3065.6017,473.1478,0.0,315.5246,0.0
2025-09-23,11:30-11:40,69,655.0416,3930.2495,0.4827,6431.52,8399.7375,3065.6017,3815.6017,833.3333,0.0,833.3333,0.0
2025-09-23,11:40-11:50,70,646.0008,3876.005,0.4785,6604.0357,8379.679,3815.6017,4565.6017,833.3333,0.0,833.3333,0.0
2025-09-23,11:50-12:00,71,656.9018,3941.4109,0.4662,6371.5522,8435.4109,4565.6017,5315.6017,833.3333,0.0,833.3333,0.0
2025-09-23,12:00-12:10,72,627.7958,3766.775,0.4432,5893.69,8613.5625,5315.6017,6065.6017,833.3333,0.0,833.3333,0.0
2025-09-23,12:10-12:20,73,504.9626,3029.7757,0.4411,5815.5593,8690.3915,6065.6017,6815.6017,833.3333,0.0,833.3333,0.0
2025-09-23,12:20-12:30,74,487.831,2926.9859,0.4551,5929.8452,8581.2694,6815.6017,7565.6017,833.3333,0.0,833.3333,0.0
2025-09-23,12:30-12:40,75,576.6591,3459.9545,0.4463,5958.43,8484.4875,7565.6017,8315.6017,833.3333,0.0,833.3333,0.0
2025-09-23,12:40-12:50,76,577.1101,3462.6604,0.4113,5882.5546,8645.3297,8315.6017,9065.6017,833.3333,0.0,833.3333,0.0
2025-09-23,12:50-13:00,77,0.0,0.0,0.5682,6091.5912,8546.664,9065.6017,9433.8627,409.1788,0.0,268.4157,0.0
2025-09-23,13:00-13:10,78,0.0,0.0,0.8279,6408.53,8135.1375,9433.8627,9692.8538,287.7679,0.0,238.4541,0.0
2025-09-23,13:10-13:20,79,0.0,0.0,0.8636,6253.4833,7884.9488,9692.8538,9937.5736,271.9109,0.0,204.2724,0.0
2025-09-23,13:20-13:30,80,0.0,0.0,0.8416,6080.4251,7754.0988,9937.5736,10188.6247,278.9456,0.0,206.0652,0.0
2025-09-23,13:30-13:40,81,0.0,0.0,0.8618,6115.63,7607.2875,10188.6247,10412.3733,248.6096,0.0,208.8747,0.0
2025-09-23,13:40-13:50,82,0.0,0.0,0.8623,6161.9414,7394.5585,10412.3733,10597.2659,205.4362,0.0,141.5558,0.0
2025-09-23,13:50-14:00,83,0.0,0.0,0.9026,6291.8498,7228.1769,10597.2659,10737.7149,156.0545,0.0,83.792,0.0
2025-09-23,14:00-14:10,84,0.0,0.0,0.9754,6409.53,7094.9625,10737.7149,10800.0,69.2056,0.0,79.3249,0.0
2025-09-23,14:10-14:20,85,0.0,0.0,1.0002,6298.6605,6838.0168,10800.0,10800.0,0.0,0.0,88.7299,0.0
2025-09-23,14:20-14:30,86,0.0,0.0,0.9978,6212.8259,6393.4647,10800.0,10800.0,0.0,0.0,41.4195,0.0
2025-09-23,14:30-14:40,87,0.0,0.0,1.0271,6236.6,5854.05,10800.0,10729.1574,0.0,63.7583,0.0,57.8077
2025-09-23,14:40-14:50,88,0.0,0.0,1.0906,6217.1274,5393.4146,10729.1574,10576.618,0.0,137.2855,0.0,136.5419
2025-09-23,14:50-15:00,89,0.0,0.0,0.9376,6206.2876,4990.8009,10576.618,10351.5279,0.0,202.5811,0.0,182.0402
2025-09-23,15:00-15:10,90,212.8648,1277.1885,0.6694,6262.68,4761.6375,10351.5279,10310.0734,0.0,37.309,0.0,0.0
2025-09-23,15:10-15:20,91,722.5777,4335.4665,0.66,6377.3851,4842.082,10310.0734,10730.0979,466.6939,0.0,464.6787,0.0
2025-09-23,15:20-15:30,92,324.5887,1947.5324,0.7217,6461.0017,4734.2965,10730.0979,10763.222,36.8045,0.0,0.0,0.0
2025-09-23,15:30-15:40,93,396.8563,2381.1375,0.7308,6382.45,4417.2375,10763.222,10800.0,40.8644,0.0,0.0,0.0
2025-09-23,15:40-15:50,94,439.744,2638.4638,0.7534,6120.1976,4306.354,10800.0,10800.0,0.0,0.0,0.0,0.0
2025-09-23,15:50-16:00,95,419.1649,2514.9896,0.7823,6153.6297,4035.9346,10800.0,10800.0,0.0,0.0,0.0,0.0
2025-09-23,16:00-16:10,96,401.8831,2411.2988,0.8055,6505.17,3543.675,10800.0,10698.1118,0.0,91.6994,0.0,0.0
2025-09-23,16:10-16:20,97,496.6252,2979.7514,0.8271,6704.9712,3168.3753,10698.1118,10594.9925,0.0,92.8074,0.0,-0.0
2025-09-23,16:20-16:30,98,584.0205,3504.1229,0.8519,6651.3841,2836.5022,10594.9925,10537.4445,0.0,51.7932,0.0,-0.0
2025-09-23,16:30-16:40,99,618.387,3710.322,0.8791,6512.95,2503.5375,10537.4445,10482.0574,0.0,49.8484,0.0,-0.0
2025-09-23,16:40-16:50,100,671.9023,4031.4138,0.9024,6516.7553,2218.6701,10482.0574,10432.6738,0.0,44.4452,0.0,-0.0
2025-09-23,16:50-17:00,101,759.2503,4555.5017,0.9163,6452.5286,1863.5925,10432.6738,10426.4822,0.0,5.5724,0.0,-0.0
2025-09-23,17:00-17:10,102,841.4446,5048.6678,0.9264,6349.71,1465.3875,10426.4822,10451.134,27.3909,0.0,0.0,-0.0
2025-09-23,17:10-17:20,103,870.3586,5222.1517,0.9462,6441.2731,1178.7512,10451.134,10443.658,0.0,6.7284,0.0,-0.0
2025-09-23,17:20-17:30,104,910.132,5460.7919,0.9742,6397.9351,917.9154,10443.658,10440.0973,0.0,3.2046,-0.0,0.0
2025-09-23,17:30-17:40,105,995.05,5970.3,0.9862,6368.49,630.1875,10440.0973,10474.897,38.6663,0.0,0.0,0.0
2025-09-23,17:40-17:50,106,1074.0883,6444.5297,0.976,6667.634,356.458,10474.897,10494.9,22.2256,0.0,0.0,0.0
2025-09-23,17:50-18:00,107,998.735,5992.4099,1.0742,5886.4358,131.4439,10494.9,10530.5127,39.5697,0.0,0.0,0.0
2025-09-23,18:00-18:10,108,833.4051,5000.4307,1.2313,4515.87,0.0,10530.5127,10603.1968,80.7601,0.0,0.0,-0.0
2025-09-23,18:10-18:20,109,801.775,4810.6502,1.2561,4585.9791,0.0,10603.1968,10636.8975,37.4452,0.0,0.0,-0.0
2025-09-23,18:20-18:30,110,822.5168,4935.1008,1.2447,4985.787,4.4234,10636.8975,10628.3303,0.0,7.7105,0.0,0.0
2025-09-23,18:30-18:40,111,841.1445,5046.867,1.2545,5006.5,0.0,10628.3303,10634.3854,6.7278,0.0,0.0,0.0
2025-09-23,18:40-18:50,112,880.0979,5280.5875,1.2522,5016.9579,0.0,10634.3854,10673.9298,43.9383,0.0,0.0,0.0
2025-09-23,18:50-19:00,113,855.724,5134.344,1.2881,4862.5058,0.3176,10673.9298,10714.7532,45.3593,0.0,0.0,0.0
2025-09-23,19:00-19:10,114,0.0,0.0,1.3466,4664.56,0.0,10714.7532,9850.9458,0.0,777.4267,0.0,805.49
2025-09-23,19:10-19:20,115,20.4761,122.8566,1.3523,4794.5933,0.0,9850.9458,8985.8093,0.0,778.6228,0.0,833.3333
2025-09-23,19:20-19:30,116,50.3168,301.9011,1.3445,4953.598,0.0228,8985.8093,8124.3882,0.0,775.279,0.0,833.3333
2025-09-23,19:30-19:40,117,24.5499,147.2995,1.3483,4906.9,0.0,8124.3882,7242.9807,0.0,793.2667,0.0,833.3333
2025-09-23,19:40-19:50,118,22.739,136.434,1.349,4721.0181,0.0,7242.9807,6393.9836,0.0,764.0974,0.0,833.3333
2025-09-23,19:50-20:00,119,24.7399,148.4395,1.3473,4705.315,0.0016,6393.9836,5550.1181,0.0,759.479,0.0,833.3333
2025-09-23,20:00-20:10,120,9.9357,59.614,1.3482,4871.47,0.0,5550.1181,4659.0337,0.0,801.976,0.0,833.3333
2025-09-23,20:10-20:20,121,0.0,0.0,1.3513,4963.0687,0.0,4659.0337,3739.9469,0.0,827.1781,0.0,821.9229
2025-09-23,20:20-20:30,122,476.5873,2859.5238,1.34,5061.4062,0.0,3739.9469,3332.1909,0.0,366.9804,0.0,345.9205
2025-09-23,20:30-20:40,123,15.8052,94.831,1.3489,5038.25,0.0,3332.1909,2416.7429,0.0,823.9032,0.0,833.3333
2025-09-23,20:40-20:50,124,40.957,245.7423,1.3952,4709.3717,0.0,2416.7429,1590.1449,0.0,743.9382,0.0,833.3333
2025-09-23,20:50-21:00,125,861.3111,5167.8666,1.2226,4809.9708,0.0,1590.1449,1643.8292,59.6493,0.0,0.0,-0.0
2025-09-23,21:00-21:10,126,838.2395,5029.437,0.9332,5215.3,0.0,1643.8292,1609.4102,0.0,30.9772,-0.0,0.0
2025-09-23,21:10-21:20,127,861.22,5167.3201,0.9068,5055.1463,0.0,1609.4102,1626.2362,18.6956,0.0,-0.0,0.0
2025-09-23,21:20-21:30,128,839.1531,5034.9186,0.9371,4827.5711,0.0,1626.2362,1657.3384,34.5579,0.0,0.0,0.0
2025-09-23,21:30-21:40,129,801.9025,4811.415,0.9371,4880.29,0.0,1657.3384,1644.5837,0.0,11.4792,0.0,0.0
2025-09-23,21:40-21:50,130,858.915,5153.4901,0.9871,4979.2148,0.0,1644.5837,1670.725,29.0459,0.0,0.0,0.0
2025-09-23,21:50-22:00,131,815.8375,4895.0249,0.7764,4609.119,0.0,1670.725,1713.6109,47.651,0.0,0.0,-0.0
2025-09-23,22:00-22:10,132,1504.5686,9027.4115,0.4209,3835.46,0.0,1713.6109,2463.6109,833.3333,0.0,833.3333,0.0
2025-09-23,22:10-22:20,133,1463.049,8778.2941,0.3859,3320.6494,0.0,2463.6109,3213.6109,833.3333,0.0,833.3333,0.0
2025-09-23,22:20-22:30,134,1306.8795,7841.2768,0.4368,3496.0714,0.0,3213.6109,3865.3917,724.2009,0.0,666.6667,0.0
2025-09-23,22:30-22:40,135,1477.2441,8863.4645,0.4198,3883.24,0.0,3865.3917,4612.4254,830.0374,0.0,833.3333,0.0
2025-09-23,22:40-22:50,136,1476.5821,8859.4927,0.4186,3580.1991,0.0,4612.4254,5362.4254,833.3333,0.0,833.3333,0.0
2025-09-23,22:50-23:00,137,1481.5665,8889.3993,0.4241,3332.1137,0.0,5362.4254,6112.4254,833.3333,0.0,833.3333,0.0
2025-09-23,23:00-23:10,138,1483.3061,8899.8365,0.4237,3416.1,0.0,6112.4254,6862.4254,833.3333,0.0,833.3333,0.0
2025-09-23,23:10-23:20,139,1467.9615,8807.7692,0.4248,3387.9352,0.0,6862.4254,7612.4254,833.3333,0.0,833.3333,0.0
2025-09-23,23:20-23:30,140,1479.0981,8874.5883,0.424,3459.0094,0.0,7612.4254,8362.4254,833.3333,0.0,833.3333,0.0
2025-09-23,23:30-23:40,141,1498.3736,8990.2415,0.422,3661.95,0.0,8362.4254,9112.4254,833.3333,0.0,833.3333,0.0
2025-09-23,23:40-23:50,142,1469.1024,8814.6144,0.424,3702.4038,0.0,9112.4254,9862.4254,833.3333,0.0,833.3333,0.0
2025-09-23,23:50-0:00+1,143,1480.9417,8885.6504,0.4271,3409.7885,0.0,9862.4254,10612.4254,833.3333,0.0,833.3333,0.0
2025-09-23,0:00+1-0:10+1,144,1519.9126,9119.4755,0.4276,3147.61,0.0,10612.4254,10800.0,208.4162,0.0,833.3333,0.0
2025-12-21,0:10-0:20,1,622.3258,3733.9548,0.4248,3576.1063,0.0,10800.0,10800.0,0.0,0.0,0.0,-0.0
2025-12-21,0:20-0:30,2,589.3061,3535.8366,0.4245,3537.871,0.0,10800.0,10799.6233,0.0,0.3391,0.0,0.0
2025-12-21,0:30-0:40,3,600.1257,3600.7545,0.4269,3472.1,0.0,10799.6233,10800.0,0.4186,0.0,0.0,-0.0
2025-12-21,0:40-0:50,4,643.3677,3860.2064,0.4272,3388.2602,0.0,10800.0,10800.0,0.0,0.0,0.0,0.0
2025-12-21,0:50-1:00,5,657.5896,3945.5373,0.4271,3299.4233,0.0,10800.0,10800.0,0.0,0.0,0.0,0.0
2025-12-21,1:00-1:10,6,638.8847,3833.3085,0.4285,3349.26,0.0,10800.0,10800.0,0.0,0.0,0.0,0.0
2025-12-21,1:10-1:20,7,636.3312,3817.9874,0.4311,3662.0911,0.0,10800.0,10800.0,0.0,0.0,0.0,0.0
2025-12-21,1:20-1:30,8,635.3315,3811.9889,0.4302,3799.4157,0.0,10800.0,10800.0,0.0,0.0,0.0,0.0
2025-12-21,1:30-1:40,9,628.7803,3772.6815,0.4279,3736.18,0.0,10800.0,10800.0,0.0,0.0,0.0,0.0
2025-12-21,1:40-1:50,10,630.39,3782.34,0.4312,3824.9356,0.0,10800.0,10792.1119,0.0,7.0993,0.0,-0.0
2025-12-21,1:50-2:00,11,640.2379,3841.4274,0.4333,3734.208,0.0,10792.1119,10800.0,8.7645,0.0,0.0,-0.0
2025-12-21,2:00-2:10,12,649.7085,3898.251,0.4311,3587.15,0.0,10800.0,10800.0,0.0,0.0,0.0,0.0
2025-12-21,2:10-2:20,13,652.0181,3912.1087,0.4293,3856.4774,0.0,10800.0,10800.0,0.0,0.0,0.0,0.0
2025-12-21,2:20-2:30,14,666.5475,3999.285,0.4324,3923.2147,0.0,10800.0,10800.0,0.0,0.0,0.0,0.0
2025-12-21,2:30-2:40,15,691.1712,4147.0275,0.4367,3730.5,0.0,10800.0,10800.0,0.0,0.0,0.0,0.0
2025-12-21,2:40-2:50,16,701.5023,4209.014,0.4348,3819.86,0.0,10800.0,10800.0,0.0,0.0,0.0,0.0
2025-12-21,2:50-3:00,17,696.5744,4179.4464,0.4335,3791.4644,0.0,10800.0,10800.0,0.0,0.0,0.0,0.0
2025-12-21,3:00-3:10,18,682.899,4097.394,0.4357,3751.73,0.0,10800.0,10800.0,0.0,0.0,0.0,0.0
2025-12-21,3:10-3:20,19,672.1753,4033.052,0.4374,4180.5461,0.0,10800.0,10772.6863,0.0,24.5824,0.0,0.0
2025-12-21,3:20-3:30,20,689.1839,4135.1035,0.4371,4115.3327,0.0,10772.6863,10775.6519,3.2951,0.0,0.0,0.0
2025-12-21,3:30-3:40,21,707.0595,4242.357,0.4356,3748.74,0.0,10775.6519,10800.0,27.0534,0.0,0.0,0.0
2025-12-21,3:40-3:50,22,675.3823,4052.2941,0.4353,4220.4858,0.0,10800.0,10768.8534,0.0,28.032,0.0,0.0
2025-12-21,3:50-4:00,23,665.2504,3991.5026,0.436,4423.9257,0.0,10768.8534,10688.775,0.0,72.0705,0.0,0.0
2025-12-21,4:00-4:10,24,690.6707,4144.0245,0.4378,4079.15,0.0,10688.775,10698.5062,10.8124,0.0,0.0,0.0
2025-12-21,4:10-4:20,25,697.2075,4183.2447,0.4401,4038.9424,0.0,10698.5062,10720.1515,24.0504,0.0,0.0,-0.0
2025-12-21,4:20-4:30,26,707.684,4246.1039,0.4389,4082.3954,0.0,10720.1515,10744.7078,27.2848,0.0,0.0,0.0
2025-12-21,4:30-4:40,27,736.4595,4418.757,0.4364,4064.87,0.0,10744.7078,10797.7909,58.9812,0.0,0.0,0.0
2025-12-21,4:40-4:50,28,763.3099,4579.8592,0.4393,4121.8784,0.0,10797.7909,10800.0,2.4546,0.0,0.0,0.0
2025-12-21,4:50-5:00,29,747.6244,4485.7463,0.4422,4083.6154,0.0,10800.0,10800.0,0.0,0.0,0.0,0.0
2025-12-21,5:00-5:10,30,711.319,4267.914,0.4395,4032.31,0.0,10800.0,10800.0,0.0,0.0,0.0,0.0
2025-12-21,5:10-5:20,31,716.6838,4300.1031,0.4333,4217.9422,0.0023,10800.0,10800.0,0.0,0.0,0.0,0.0
2025-12-21,5:20-5:30,32,720.6573,4323.9436,0.4439,4253.2484,0.0,10800.0,10800.0,0.0,0.0,0.0,0.0
2025-12-21,5:30-5:40,33,707.203,4243.218,0.4301,4066.58,0.0,10800.0,10800.0,0.0,0.0,0.0,0.0
2025-12-21,5:40-5:50,34,717.7143,4306.2855,0.3713,4077.7781,0.0316,10800.0,10800.0,0.0,0.0,-0.0,0.0
2025-12-21,5:50-6:00,35,802.5632,4815.3791,0.5708,4717.7146,0.0,10800.0,10800.0,0.0,0.0,0.0,-0.0
2025-12-21,6:00-6:10,36,914.7723,5488.6335,0.9099,5490.65,0.0,10800.0,10799.6266,0.0,0.3361,0.0,0.0
2025-12-21,6:10-6:20,37,270.2979,1621.7876,0.9368,5439.318,0.4406,10799.6266,10092.7581,0.0,636.1816,0.0,675.0
2025-12-21,6:20-6:30,38,931.9709,5591.8252,0.8758,5407.8325,0.0,10092.7581,10120.357,30.6654,0.0,0.0,0.0
2025-12-21,6:30-6:40,39,922.8467,5537.0805,0.8759,5587.05,0.0,10120.357,10111.1034,0.0,8.3283,0.0,0.0
2025-12-21,6:40-6:50,40,932.1921,5593.1524,0.8601,5351.2866,6.1366,10111.1034,10148.3037,41.3337,0.0,0.0,0.0
2025-12-21,6:50-7:00,41,953.5684,5721.4106,0.8442,5233.249,0.0,10148.3037,10221.528,81.3603,0.0,0.0,0.0
2025-12-21,7:00-7:10,42,958.4908,5750.9445,0.8334,5374.2,0.0,10221.528,10278.0397,62.7908,0.0,0.0,0.0
2025-12-21,7:10-7:20,43,902.0734,5412.4405,0.8092,5360.7841,172.6829,10278.0397,10311.6906,37.3899,0.0,0.0,0.0
2025-12-21,7:20-7:30,44,847.2566,5083.5397,0.7972,5321.3096,420.0356,10311.6906,10339.0304,30.3776,0.0,0.0,0.0
2025-12-21,7:30-7:40,45,806.7579,4840.5472,0.7644,5231.72,690.675,10339.0304,10383.9558,49.917,0.0,0.0,0.0
2025-12-21,7:40-7:50,46,1590.5117,9543.07,0.6899,5065.8847,996.7377,10383.9558,10800.0,462.2714,0.0,833.3333,0.0
2025-12-21,7:50-8:00,47,812.8382,4877.029,0.86,5889.1246,1276.7125,10800.0,10800.0,0.0,0.0,0.0,0.0
2025-12-21,8:00-8:10,48,101.2052,607.231,1.1617,7180.79,1539.8625,10800.0,9874.0741,0.0,833.3333,0.0,833.3333
2025-12-21,8:10-8:20,49,114.6988,688.1929,1.1683,7254.351,1860.1541,9874.0741,9002.5918,0.0,784.334,0.0,833.3333
2025-12-21,8:20-8:30,50,59.1462,354.8773,1.0956,7152.8955,2211.6206,9002.5918,8153.259,0.0,764.3996,0.0,833.3333
2025-12-21,8:30-8:40,51,0.0,0.0,1.0849,7367.01,2579.625,8153.259,7266.7062,0.0,797.8975,0.0,830.9219
2025-12-21,8:40-8:50,52,0.0,0.0,1.061,7333.1326,2953.1787,7266.7062,6455.6036,0.0,729.9923,0.0,785.5272
2025-12-21,8:50-9:00,53,0.0,0.0,1.043,7276.0603,3195.6035,6455.6036,5699.9635,0.0,680.0761,0.0,741.7612
2025-12-21,9:00-9:10,54,0.0,0.0,1.036,7255.65,3341.5875,5699.9635,4975.1371,0.0,652.3437,0.0,690.1011
2025-12-21,9:10-9:20,55,0.0,0.0,1.0147,7076.8086,3572.7867,4975.1371,4326.2441,0.0,584.0036,0.0,639.2358
2025-12-21,9:20-9:30,56,0.0,0.0,0.9922,7014.1683,3848.0561,4326.2441,3739.9271,0.0,527.6854,0.0,613.347
2025-12-21,9:30-9:40,57,16.6421,99.8529,0.97,7150.59,4116.6,3739.9271,3196.5683,0.0,489.0229,0.0,578.3981
2025-12-21,9:40-9:50,58,538.8822,3233.2929,0.9422,7259.4501,4370.6969,3196.5683,3248.2493,57.4233,0.0,0.0,0.0
2025-12-21,9:50-10:00,59,468.6719,2812.0315,0.9569,7142.682,4583.0793,3248.2493,3286.1136,42.0715,0.0,0.0,0.0
2025-12-21,10:00-10:10,60,0.0,0.0,0.9977,6912.23,4750.3875,3286.1136,2885.7724,0.0,360.3071,0.0,430.563
2025-12-21,10:10-10:20,61,0.0,0.0,0.9919,6873.3728,4886.2111,2885.7724,2517.7795,0.0,331.1936,0.0,452.4903
2025-12-21,10:20-10:30,62,472.8907,2837.3439,0.9588,6913.1885,4956.6279,2517.7795,2649.897,146.7972,0.0,0.0,0.0
2025-12-21,10:30-10:40,63,443.4728,2660.8365,0.9549,6951.47,4960.7625,2649.897,2750.4163,111.6882,0.0,0.0,0.0
2025-12-21,10:40-10:50,64,0.0,0.0,0.9839,7040.6919,4946.2149,2750.4163,2362.5502,0.0,349.0795,0.0,377.6544
2025-12-21,10:50-11:00,65,384.9339,2309.6036,0.799,7195.1724,4968.8079,2362.5502,2375.0361,13.8732,0.0,0.0,0.0
2025-12-21,11:00-11:10,66,1250.4703,7502.822,0.5025,7266.62,4979.2125,2375.0361,3125.0361,833.3333,0.0,833.3333,0.0
2025-12-21,11:10-11:20,67,1153.2883,6919.7299,0.4662,7080.5804,4907.9946,3125.0361,3837.1077,791.1907,0.0,833.3333,0.0
2025-12-21,11:20-11:30,68,1066.8112,6400.8675,0.5007,6948.6094,5015.1025,3837.1077,4507.2118,744.5601,0.0,833.3333,0.0
2025-12-21,11:30-11:40,69,1064.1155,6384.6928,0.4827,6954.16,5256.3375,4507.2118,5210.2423,781.145,0.0,833.3333,0.0
2025-12-21,11:40-11:50,70,1079.5507,6477.3043,0.4785,6860.0706,5348.0182,5210.2423,5955.0301,827.542,0.0,833.3333,0.0
2025-12-21,11:50-12:00,71,1064.9873,6389.9237,0.4662,6565.9337,5577.6892,5955.0301,6705.0301,833.3333,0.0,833.3333,0.0
2025-12-21,12:00-12:10,72,1023.8313,6142.988,0.4432,6330.9,5890.8,6705.0301,7455.0301,833.3333,0.0,833.3333,0.0
2025-12-21,12:10-12:20,73,1000.2477,6001.4863,0.4411,6501.863,5904.8948,7455.0301,8205.0301,833.3333,0.0,833.3333,0.0
2025-12-21,12:20-12:30,74,1016.3383,6098.0295,0.4551,6520.3344,5868.1645,8205.0301,8955.0301,833.3333,0.0,833.3333,0.0
2025-12-21,12:30-12:40,75,1025.7765,6154.6588,0.4463,6273.31,5864.7,8955.0301,9705.0301,833.3333,0.0,833.3333,0.0
2025-12-21,12:40-12:50,76,973.6362,5841.8171,0.4113,6234.7567,5722.7661,9705.0301,10455.0301,833.3333,0.0,833.3333,0.0
2025-12-21,12:50-13:00,77,1010.5714,6063.4287,0.5682,6512.763,5549.8704,10455.0301,10800.0,383.2999,0.0,833.3333,0.0
2025-12-21,13:00-13:10,78,286.041,1716.246,0.8279,6836.44,5390.4375,10800.0,10800.0,0.0,0.0,0.0,0.0
2025-12-21,13:10-13:20,79,295.0472,1770.283,0.8636,6797.3346,5211.4597,10800.0,10800.0,0.0,0.0,0.0,0.0
2025-12-21,13:20-13:30,80,289.8327,1738.9964,0.8416,6554.3856,5202.0686,10800.0,10800.0,0.0,0.0,0.0,0.0
2025-12-21,13:30-13:40,81,315.672,1894.032,0.8618,6350.08,5287.95,10800.0,10800.0,0.0,0.0,0.0,0.0
2025-12-21,13:40-13:50,82,325.8256,1954.9534,0.8623,6333.408,5178.3498,10800.0,10800.0,0.0,0.0,0.0,0.0
2025-12-21,13:50-14:00,83,333.1348,1998.8087,0.9026,6515.4464,4993.7017,10800.0,10800.0,0.0,0.0,0.0,0.0
2025-12-21,14:00-14:10,84,0.0,0.0,0.9754,6658.81,4847.5125,10800.0,10464.5745,0.0,301.8829,0.0,355.5772
2025-12-21,14:10-14:20,85,0.0,0.0,1.0002,6474.7834,4705.4039,10464.5745,10136.9117,0.0,294.8966,0.0,400.0345
2025-12-21,14:20-14:30,86,0.0,0.0,0.9978,6311.1097,4404.8152,10136.9117,9783.8942,0.0,317.7157,0.0,470.8093
2025-12-21,14:30-14:40,87,0.0,0.0,1.0271,6293.57,3988.3875,9783.8942,9357.0085,0.0,384.1971,0.0,527.6591
2025-12-21,14:40-14:50,88,0.0,0.0,1.0906,6241.0875,3658.7815,9357.0085,8878.8037,0.0,430.3843,0.0,522.109
2025-12-21,14:50-15:00,89,0.0,0.0,0.9376,6267.633,3321.4365,8878.8037,8333.2118,0.0,491.0327,0.0,544.1512
2025-12-21,15:00-15:10,90,1445.6321,8673.7925,0.6694,6308.83,2957.5875,8333.2118,9083.2118,833.3333,0.0,833.3333,0.0
2025-12-21,15:10-15:20,91,1490.3715,8942.2292,0.66,6184.3165,2665.595,9083.2118,9833.2118,833.3333,0.0,833.3333,0.0
2025-12-21,15:20-15:30,92,1516.9339,9101.6033,0.7217,6249.441,2404.6045,9833.2118,10583.2118,833.3333,0.0,833.3333,0.0
2025-12-21,15:30-15:40,93,1562.4761,9374.8565,0.7308,6412.99,2166.8625,10583.2118,10800.0,240.8758,0.0,833.3333,0.0
2025-12-21,15:40-15:50,94,1631.1053,9786.6316,0.7534,6229.2355,1977.0681,10800.0,10800.0,0.0,0.0,815.2349,0.0
2025-12-21,15:50-16:00,95,862.1929,5173.1575,0.7823,6140.1248,1719.0539,10800.0,10800.0,0.0,0.0,-0.0,0.0
2025-12-21,16:00-16:10,96,857.8885,5147.331,0.8055,6190.42,1414.8375,10800.0,10800.0,0.0,0.0,0.0,0.0
2025-12-21,16:10-16:20,97,873.7684,5242.6106,0.8271,6007.344,1199.0528,10800.0,10800.0,0.0,0.0,0.0,0.0
2025-12-21,16:20-16:30,98,915.377,5492.2622,0.8519,6021.8302,965.9713,10800.0,10800.0,0.0,0.0,0.0,0.0
2025-12-21,16:30-16:40,99,980.0079,5880.0472,0.8791,6231.28,680.625,10800.0,10800.0,0.0,0.0,0.0,0.0
2025-12-21,16:40-16:50,100,1058.1998,6349.1987,0.9024,6177.7882,419.0314,10800.0,10800.0,0.0,0.0,0.0,0.0
2025-12-21,16:50-17:00,101,1081.3138,6487.8828,0.9163,6130.9976,173.8125,10800.0,10800.0,0.0,0.0,0.0,0.0
2025-12-21,17:00-17:10,102,1065.6678,6394.0065,0.9264,6172.78,0.0,10800.0,10800.0,0.0,0.0,-0.0,0.0
2025-12-21,17:10-17:20,103,1089.6872,6538.123,0.9462,6112.1742,0.0,10800.0,10800.0,0.0,0.0,0.0,0.0
2025-12-21,17:20-17:30,104,1104.4453,6626.6718,0.9742,6160.7027,6.2009,10800.0,10800.0,0.0,0.0,0.0,0.0
2025-12-21,17:30-17:40,105,1099.9747,6599.8485,0.9862,6338.77,0.0,10800.0,10800.0,0.0,0.0,0.0,0.0
2025-12-21,17:40-17:50,106,1110.6723,6664.0341,0.976,6290.0948,0.0,10800.0,10800.0,0.0,0.0,0.0,0.0
2025-12-21,17:50-18:00,107,965.1858,5791.1145,1.0742,5392.9058,0.4452,10800.0,10800.0,0.0,0.0,0.0,0.0
2025-12-21,18:00-18:10,108,753.0828,4518.4965,1.2313,4275.8,0.0,10800.0,10800.0,0.0,0.0,0.0,-0.0
2025-12-21,18:10-18:20,109,756.8662,4541.1971,1.2561,4292.4867,0.0,10800.0,10800.0,0.0,0.0,0.0,-0.0
2025-12-21,18:20-18:30,110,781.9088,4691.4527,1.2447,4489.6396,0.032,10800.0,10800.0,0.0,0.0,0.0,0.0
2025-12-21,18:30-18:40,111,735.357,4412.142,1.2545,4380.05,0.0,10800.0,10800.0,0.0,0.0,0.0,0.0
2025-12-21,18:40-18:50,112,721.8732,4331.2393,1.2522,4406.0663,0.0,10800.0,10786.1431,0.0,12.4712,0.0,0.0
2025-12-21,18:50-19:00,113,548.1406,3288.8436,1.2881,4500.5016,0.0023,10786.1431,10561.7625,0.0,201.9426,0.0,189.9348
2025-12-21,19:00-19:10,114,0.0,0.0,1.3466,4490.76,0.0,10561.7625,9730.1402,0.0,748.46,0.0,758.0387
2025-12-21,19:10-19:20,115,0.0,0.0,1.3523,4334.8994,0.0,9730.1402,8927.3811,0.0,722.4832,0.0,768.6507
2025-12-21,19:20-19:30,116,0.0,0.0,1.3445,4356.9931,0.0,8927.3811,8120.5305,0.0,726.1655,0.0,779.2184
2025-12-21,19:30-19:40,117,0.0,0.0,1.3483,4466.59,0.0,8120.5305,7293.3842,0.0,744.4317,0.0,780.5263
2025-12-21,19:40-19:50,118,0.0,0.0,1.349,4301.5722,0.0,7293.3842,6496.7968,0.0,716.9287,0.0,755.8859
2025-12-21,19:50-20:00,119,0.0,0.0,1.3473,4398.717,0.0,6496.7968,5682.2195,0.0,733.1195,0.0,752.632
2025-12-21,20:00-20:10,120,0.0,0.0,1.3482,4681.61,0.0,5682.2195,4815.2547,0.0,780.2683,0.0,782.3252
2025-12-21,20:10-20:20,121,0.0,0.0,1.3513,4485.5154,0.0,4815.2547,3984.6037,0.0,747.5859,0.0,804.7769
2025-12-21,20:20-20:30,122,0.0,0.0,1.34,4156.9026,0.0,3984.6037,3214.807,0.0,692.8171,0.0,783.5496
2025-12-21,20:30-20:40,123,0.0,0.0,1.3489,4090.51,0.0,3214.807,2457.3051,0.0,681.7517,0.0,742.3045
2025-12-21,20:40-20:50,124,0.0,0.0,1.3952,4322.2266,0.0,2457.3051,1656.8928,0.0,720.3711,0.0,742.157
2025-12-21,20:50-21:00,125,760.421,4562.5263,1.2226,4336.801,0.0,1656.8928,1690.7516,37.6209,0.0,0.0,-0.0
2025-12-21,21:00-21:10,126,769.4925,4616.955,0.9332,4144.46,0.0,1690.7516,1761.6258,78.7492,0.0,0.0,0.0
2025-12-21,21:10-21:20,127,764.1545,4584.9267,0.9068,4227.261,0.0,1761.6258,1815.2757,59.611,0.0,0.0,0.0
2025-12-21,21:20-21:30,128,761.6428,4569.8566,0.9371,4326.9643,0.0,1815.2757,1851.7095,40.4821,0.0,0.0,0.0
2025-12-21,21:30-21:40,129,775.7312,4654.3875,0.9371,4357.83,0.0,1851.7095,1896.1931,49.4262,0.0,0.0,0.0
2025-12-21,21:40-21:50,130,790.9584,4745.7506,0.9871,4437.1142,0.0,1896.1931,1942.4886,51.4394,0.0,0.0,-0.0
2025-12-21,21:50-22:00,131,717.2167,4303.3002,0.7764,4070.9954,0.0,1942.4886,1977.3343,38.7175,0.0,0.0,-0.0
2025-12-21,22:00-22:10,132,1432.2131,8593.2785,0.4209,3434.4,0.0,1977.3343,2727.3343,833.3333,0.0,833.3333,0.0
2025-12-21,22:10-22:20,133,1413.8979,8483.3873,0.3859,3270.5539,0.0,2727.3343,3477.3343,833.3333,0.0,833.3333,0.0
2025-12-21,22:20-22:30,134,1264.98,7589.8798,0.4368,3305.0168,0.0,3477.3343,4120.0638,714.1438,0.0,666.6667,0.0
2025-12-21,22:30-22:40,135,1427.5931,8565.5585,0.4198,3255.6,0.0,4120.0638,4870.0638,833.3333,0.0,833.3333,0.0
2025-12-21,22:40-22:50,136,1409.1091,8454.6548,0.4186,3155.514,0.0,4870.0638,5620.0638,833.3333,0.0,833.3333,0.0
2025-12-21,22:50-23:00,137,1403.7929,8422.7575,0.4241,3260.3635,0.0,5620.0638,6370.0638,833.3333,0.0,833.3333,0.0
2025-12-21,23:00-23:10,138,1419.5746,8517.4475,0.4237,3508.97,0.0,6370.0638,7120.0638,833.3333,0.0,833.3333,0.0
2025-12-21,23:10-23:20,139,1440.3905,8642.3428,0.4248,3554.7154,0.0,7120.0638,7870.0638,833.3333,0.0,833.3333,0.0
2025-12-21,23:20-23:30,140,1450.6948,8704.169,0.424,3395.6628,0.0,7870.0638,8620.0638,833.3333,0.0,833.3333,0.0
2025-12-21,23:30-23:40,141,1440.5466,8643.2795,0.422,3305.59,0.0,8620.0638,9370.0638,833.3333,0.0,833.3333,0.0
2025-12-21,23:40-23:50,142,1418.2908,8509.7448,0.424,3539.7613,0.0,9370.0638,10115.5613,828.3306,0.0,833.3333,0.0
2025-12-21,23:50-0:00+1,143,1440.144,8640.8643,0.4271,3571.991,0.0,10115.5613,10800.0,760.4875,0.0,833.3333,0.0
2025-12-21,0:00+1-0:10+1,144,1473.4448,8840.669,0.4276,3464.4,0.0,10800.0,10800.0,0.0,0.0,833.3333,0.0
